date,cpi,gas_price,hourly_wage,year,month,month_name,cpi_yoy_pct,gas_yoy_pct,wage_yoy_pct,real_wage,real_wage_index
1990-08-01,131.6,1.218,10.24,1990,8,August,,,,7.781155015197569,100.0
1990-09-01,132.5,1.258,10.27,1990,9,September,,,,7.750943396226415,99.61173349056604
1990-10-01,133.4,1.3354,10.3,1990,10,October,,,,7.721139430284858,99.22870595952024
1990-11-01,133.7,1.324,10.32,1990,11,November,,,,7.7187733732236365,99.1982984293194
1990-12-01,134.2,1.341,10.34,1990,12,December,,,,7.704918032786885,99.02023565573771
1991-01-01,134.7,1.18,10.37,1991,1,January,,,,7.698589458054937,98.93890358203416
1991-02-01,134.8,1.0942500000000002,10.39,1991,2,February,,,,7.707715133531156,99.0561827707715
1991-03-01,134.8,1.04,10.41,1991,3,March,,,,7.722551928783382,99.24685877225518
1991-04-01,135.1,1.0762,10.46,1991,4,April,,,,7.742413027387121,99.5021049222798
1991-05-01,135.6,1.12575,10.5,1991,5,May,,,,7.743362831858408,99.51431139380531
1991-06-01,136.0,1.12825,10.51,1991,6,June,,,,7.727941176470587,99.31611902573528
1991-07-01,136.2,1.0956,10.54,1991,7,July,,,,7.738619676945668,99.45335444199706
1991-08-01,136.6,1.1147500000000001,10.56,1991,8,August,3.7993920972644313,-8.477011494252862,3.125,7.730600292825769,99.35029282576868
1991-09-01,137.0,1.1092,10.58,1991,9,September,3.396226415094339,-11.828298887122424,3.018500486854925,7.7226277372262775,99.24783302919707
1991-10-01,137.2,1.088,10.59,1991,10,October,2.8485757121439192,-18.52628425939792,2.8155339805825186,7.71865889212828,99.19682716836735
1991-11-01,137.8,1.099,10.61,1991,11,November,3.0665669409125185,-16.9939577039275,2.8100775193798277,7.699564586357038,98.95143550435412
1991-12-01,138.2,1.0762,10.64,1991,12,December,2.980625931445613,-19.746457867263235,2.9013539651837617,7.698986975397975,98.94401230101305
1992-01-01,138.3,1.022,10.64,1992,1,January,2.672605790645899,-13.389830508474565,2.6036644165863265,7.693420101229212,98.87246926970354
1992-02-01,138.6,1.006,10.66,1992,2,February,2.8189910979228294,-8.06488462417182,2.5986525505293567,7.691197691197692,98.84390782828282
1992-03-01,139.1,1.0126,10.68,1992,3,March,3.189910979228472,-2.634615384615391,2.5936599423631135,7.677929547088426,98.6733914450036
1992-04-01,139.4,1.05175,10.72,1992,4,April,3.1828275351591495,-2.2718825497119566,2.48565965583174,7.690100430416069,98.82980631276901
1992-05-01,139.7,1.10725,10.74,1992,5,May,3.0235988200590036,-1.643348878525419,2.285714285714291,7.68790264853257,98.80156138153185
1992-06-01,140.1,1.1448,10.77,1992,6,June,3.0147058823529305,1.4668734766230873,2.473834443387246,7.687366167023554,98.79466675588864
1992-07-01,140.5,1.1364999999999998,10.78,1992,7,July,3.1571218795888534,3.733114275282934,2.2770398481973375,7.672597864768684,98.60487099644129
1992-08-01,140.8,1.1218,10.81,1992,8,August,3.0746705710102518,0.6324287956940733,2.367424242424243,7.6775568181818175,98.66860129616477
1992-09-01,141.1,1.1215000000000002,10.83,1992,9,September,2.9927007299270114,1.1089073205914346,2.3629489603024467,7.675407512402551,98.64097935861092
1992-10-01,141.7,1.1139999999999999,10.85,1992,10,October,3.279883381924198,2.3897058823529216,2.455146364494798,7.657021877205364,98.40469521877205
1992-11-01,142.1,1.1112000000000002,10.86,1992,11,November,3.1204644412191396,1.110100090991839,2.3562676720075393,7.642505277973258,98.2181342364532
1992-12-01,142.3,1.0775000000000001,10.9,1992,12,December,2.966714905933454,0.12079539119123073,2.443609022556381,7.659873506676036,98.44134311314124
1993-01-01,142.8,1.06175,10.93,1993,1,January,3.2537960954446943,3.8894324853228968,2.725563909774431,7.654061624649859,98.3666513480392
1993-02-01,143.1,1.05425,10.95,1993,2,February,3.2467532467532534,4.796222664015892,2.72045028142589,7.651991614255765,98.34004848008385
1993-03-01,143.3,1.0522,10.99,1993,3,March,3.0194104960460155,3.910724866679849,2.9026217228464546,7.669225401256105,98.5615295708304
1993-04-01,143.8,1.078,10.99,1993,4,April,3.1563845050215145,2.4958402662229817,2.518656716417911,7.642559109874826,98.21882606050069
1993-05-01,144.2,1.1004,11.01,1993,5,May,3.2211882605583497,-0.6186498080830938,2.5139664804469275,7.635228848821082,98.12462075242719
1993-06-01,144.3,1.09725,11.03,1993,6,June,2.9978586723768963,-4.153563941299787,2.41411327762302,7.643797643797642,98.23474315661814
1993-07-01,144.5,1.07775,11.05,1993,7,July,2.8469750889679624,-5.169379674439057,2.504638218923949,7.647058823529412,98.27665441176471
1993-08-01,144.8,1.0615999999999999,11.07,1993,8,August,2.840909090909083,-5.366375467997864,2.4051803885291267,7.6450276243093915,98.25055032803867
1993-09-01,145.0,1.0494999999999999,11.09,1993,9,September,2.7639971651311157,-6.419973250111477,2.4007386888273308,7.6482758620689655,98.29229525862068
1993-10-01,145.6,1.09175,11.13,1993,10,October,2.752293577981657,-1.9973070017953232,2.580645161290329,7.64423076923077,98.2403094951923
1993-11-01,146.0,1.0664,11.15,1993,11,November,2.7445460942997935,-4.031677465802752,2.6703499079189674,7.636986301369864,98.14720676369863
1993-12-01,146.3,1.014,11.18,1993,12,December,2.8109627547435068,-5.893271461716942,2.5688073394495303,7.641831852358168,98.20947966507177
1994-01-01,146.3,0.9984,11.2,1994,1,January,2.450980392156854,-5.9665646338591944,2.4702653247941297,7.655502392344496,98.38516746411482
1994-02-01,146.7,1.009,11.25,1994,2,February,2.515723270440251,-4.292150818117147,2.7397260273972712,7.668711656441718,98.55492714723927
1994-03-01,147.1,1.00775,11.25,1994,3,March,2.6517794836008246,-4.224482037635435,2.3657870791628843,7.647858599592114,98.28693278382052
1994-04-01,147.2,1.02725,11.27,1994,4,April,2.364394993045882,-4.707792207792217,2.547770700636942,7.656250000000001,98.39477539062501
1994-05-01,147.5,1.0474,11.29,1994,5,May,2.288488210818307,-4.816430388949467,2.5431425976385036,7.654237288135593,98.36890889830508
1994-06-01,147.9,1.0779999999999998,11.31,1994,6,June,2.494802494802495,-1.7543859649122973,2.538531278331835,7.647058823529412,98.27665441176471
1994-07-01,148.4,1.10575,11.34,1994,7,July,2.69896193771626,2.598005103224321,2.624434389140262,7.641509433962264,98.20533608490565
1994-08-01,149.0,1.1548,11.36,1994,8,August,2.900552486187835,8.779201205727215,2.619692863595291,7.624161073825503,97.98238255033557
1994-09-01,149.3,1.1437499999999998,11.39,1994,9,September,2.965517241379323,8.980466888994766,2.705139765554554,7.6289350301406555,98.04373534829202
1994-10-01,149.4,1.1136000000000001,11.42,1994,10,October,2.609890109890123,2.0013739409205478,2.605570530098822,7.643908969210174,98.23617386211512
1994-11-01,149.8,1.11575,11.45,1994,11,November,2.602739726027403,4.627719429857469,2.690582959641241,7.643524699599465,98.23123539719624
1994-12-01,150.1,1.0905,11.48,1994,12,December,2.597402597402576,7.544378698224863,2.683363148479434,7.64823451032645,98.29176382411727
1995-01-01,150.5,1.0817999999999999,11.48,1995,1,January,2.8708133971291794,8.353365384615374,2.5000000000000133,7.627906976744186,98.03052325581395
1995-02-01,150.9,1.0725,11.53,1995,2,February,2.862985685071595,6.293359762140738,2.488888888888874,7.640821736249171,98.19649809476473
1995-03-01,151.2,1.072,11.55,1995,3,March,2.7872195785180187,6.37558918382537,2.666666666666684,7.638888888888889,98.17165798611111
1995-04-01,151.8,1.11125,11.56,1995,4,April,3.125000000000022,8.177172061328797,2.5732031943212164,7.615283267457181,97.86828886693017
1995-05-01,152.1,1.1784000000000001,11.59,1995,5,May,3.1186440677966054,12.507160588122979,2.657218777679371,7.6199868507560815,97.92873726166995
1995-06-01,152.4,1.1915,11.63,1995,6,June,3.0425963488843744,10.528756957328401,2.8293545534924913,7.631233595800525,98.07327550853019
1995-07-01,152.6,1.1538,11.67,1995,7,July,2.8301886792452713,4.345466877684823,2.910052910052907,7.647444298820445,98.28160837155963
1995-08-01,152.9,1.12325,11.69,1995,8,August,2.6174496644295386,-2.7320748181503207,2.9049295774647987,7.64551994767822,98.25687745258337
1995-09-01,153.1,1.11075,11.73,1995,9,September,2.54521098459477,-2.885245901639333,2.9850746268656803,7.661659046374919,98.46429008817768
1995-10-01,153.5,1.0872,11.75,1995,10,October,2.7443105756358666,-2.370689655172431,2.889667250437822,7.654723127035831,98.37515268729642
1995-11-01,153.7,1.06225,11.78,1995,11,November,2.603471295060067,-4.794980954514905,2.882096069869,7.664281067013663,98.49798715029277
1995-12-01,153.9,1.07125,11.81,1995,12,December,2.5316455696202667,-1.76524530032095,2.8745644599303066,7.673814165042235,98.6205023554256
1996-01-01,154.7,1.0904,11.86,1996,1,January,2.7906976744185963,0.7949713440562167,3.3101045296167086,7.666451195862961,98.52587669683258
1996-02-01,155.0,1.08925,11.87,1996,2,February,2.717031146454607,1.5617715617715744,2.948829141370335,7.6580645161290315,98.4180947580645
1996-03-01,155.5,1.137,11.89,1996,3,March,2.8439153439153486,6.063432835820892,2.9437229437229373,7.646302250803859,98.26693127009646
1996-04-01,156.1,1.2306,11.96,1996,4,April,2.832674571805005,10.740157480314938,3.460207612456756,7.661755285073671,98.46552690582959
1996-05-01,156.4,1.278,11.98,1996,5,May,2.827087442472065,8.452138492871676,3.364969801553075,7.659846547314578,98.4409966432225
1996-06-01,156.7,1.2585,12.03,1996,6,June,2.8215223097112663,5.62316407889214,3.4393809114359186,7.677089980855137,98.6626017070836
1996-07-01,157.0,1.2276,12.05,1996,7,July,2.8833551769331667,6.396255850234023,3.2562125107112427,7.675159235668791,98.6377886146497
1996-08-01,157.2,1.206,12.09,1996,8,August,2.8122956180510084,7.3670153572223285,3.4217279726261873,7.690839694656488,98.83930701335876
1996-09-01,157.7,1.2024000000000001,12.13,1996,9,September,3.0045721750489918,8.251181634031092,3.4100596760443302,7.691819911223844,98.85190432783769
1996-10-01,158.2,1.204,12.16,1996,10,October,3.0618892508143203,10.743193524650474,3.489361702127658,7.686472819216182,98.78318584070797
1996-11-01,158.7,1.23225,12.2,1996,11,November,3.2530904359141077,16.003765591903996,3.5653650254668934,7.6874606175173295,98.79588059231256
1996-12-01,159.1,1.2352,12.24,1996,12,December,3.378817413905133,15.304550758459756,3.6409822184589213,7.693274670018857,98.8706002514142
1997-01-01,159.4,1.23625,12.29,1997,1,January,3.0381383322559907,13.375825385179763,3.6256323777402955,7.710163111668757,99.0876431148055
1997-02-01,159.7,1.23,12.31,1997,2,February,3.0322580645161246,12.921735138857017,3.7068239258635227,7.708202880400752,99.0624510801503
1997-03-01,159.8,1.205,12.35,1997,3,March,2.7652733118971096,5.9806508355320975,3.8687973086627414,7.7284105131414265,99.32215073529412
1997-04-01,159.9,1.199,12.39,1997,4,April,2.434336963484962,-2.5678530797984656,3.5953177257525004,7.74859287054409,99.58152556285177
1997-05-01,159.9,1.20025,12.43,1997,5,May,2.237851662404089,-6.083724569640059,3.7562604340567463,7.773608505315822,99.90301555659788
1997-06-01,160.2,1.1976,12.46,1997,6,June,2.233567326100827,-4.839094159713941,3.574397339983393,7.7777777777777795,99.95659722222224
1997-07-01,160.4,1.17425,12.5,1997,7,July,2.165605095541401,-4.345878136200721,3.734439834024883,7.793017456359102,100.15245090399003
1997-08-01,160.8,1.2235,12.57,1997,8,August,2.2900763358778775,1.4510779436152532,3.970223325062028,7.817164179104477,100.46277402052237
1997-09-01,161.2,1.2314,12.6,1997,9,September,2.21940393151554,2.4118429807052477,3.8746908491343657,7.816377171215881,100.45265973945409
1997-10-01,161.5,1.19675,12.66,1997,10,October,2.0859671302149163,-0.6021594684385345,4.111842105263164,7.8390092879256965,100.74351780185758
1997-11-01,161.7,1.17075,12.71,1997,11,November,1.8903591682419618,-4.99087035909922,4.180327868852474,7.860235003092147,101.01630140692642
1997-12-01,161.8,1.1314,12.75,1997,12,December,1.6970458830924073,-8.403497409326432,4.166666666666674,7.880098887515451,101.27158335908528
1998-01-01,162.0,1.0862500000000002,12.79,1998,1,January,1.6311166875784044,-12.133468149646099,4.068348250610243,7.895061728395062,101.46387924382717
1998-02-01,162.0,1.049,12.83,1998,2,February,1.440200375704448,-14.715447154471551,4.224207961007309,7.919753086419753,101.78120177469137
1998-03-01,162.0,1.0168,12.87,1998,3,March,1.3767209011263937,-15.618257261410795,4.210526315789465,7.944444444444445,102.09852430555554
1998-04-01,162.2,1.03025,12.92,1998,4,April,1.4383989993745905,-14.074228523769804,4.277643260694108,7.9654747225647355,102.36879623921085
1998-05-01,162.6,1.0635,12.96,1998,5,May,1.6885553470919357,-11.393459695896702,4.2638777152051555,7.970479704797048,102.43311808118081
1998-06-01,162.8,1.0644,12.99,1998,6,June,1.6229712858926382,-11.12224448897795,4.25361155698234,7.979115479115478,102.54410127457001
1998-07-01,163.2,1.05525,13.0,1998,7,July,1.74563591022443,-10.134128166915046,4.0000000000000036,7.965686274509805,102.37151501225492
1998-08-01,163.4,1.026,13.07,1998,8,August,1.6169154228855787,-16.142214957090317,3.9777247414478856,7.998776009791922,102.7967698133415
1998-09-01,163.5,1.00925,13.11,1998,9,September,1.4267990074441794,-18.04044177359104,4.047619047619055,8.01834862385321,103.04830848623851
1998-10-01,163.9,1.0187499999999998,13.14,1998,10,October,1.4860681114551078,-14.87361604345102,3.791469194312791,8.017083587553387,103.03205079316658
1998-11-01,164.1,0.9954000000000001,13.17,1998,11,November,1.4842300556586308,-14.977578475336317,3.6191974822973982,8.025594149908592,103.14142481718464
1998-12-01,164.4,0.945,13.21,1998,12,December,1.606922126081578,-16.47516351423016,3.607843137254907,8.035279805352797,103.26590062347931
1999-01-01,164.7,0.9390000000000001,13.27,1999,1,January,1.6666666666666607,-13.555811277330276,3.7529319781079096,8.057073466909532,103.54598322707953
1999-02-01,164.7,0.9205000000000001,13.3,1999,2,February,1.6666666666666607,-12.249761677788351,3.6632891660171474,8.075288403157256,103.78007361870067
1999-03-01,164.8,0.982,13.34,1999,3,March,1.7283950617283939,-3.4225019669551493,3.651903651903665,8.094660194174756,104.02903140169902
1999-04-01,165.9,1.131,13.38,1999,4,April,2.281134401972884,9.779179810725536,3.5603715170278605,8.065099457504521,103.64912974683544
1999-05-01,166.0,1.1305999999999998,13.42,1999,5,May,2.091020910209096,6.3093559003291055,3.549382716049365,8.08433734939759,103.89636671686746
1999-06-01,166.0,1.1142500000000002,13.47,1999,6,June,1.9656019656019597,4.683389703119145,3.6951501154734334,8.114457831325302,104.28346197289157
1999-07-01,166.7,1.1575,13.51,1999,7,July,2.1446078431372584,9.689647003079838,3.923076923076918,8.104379124175164,104.1539348380324
1999-08-01,167.1,1.2208,13.53,1999,8,August,2.2643818849449104,18.986354775828463,3.519510328997688,8.096947935368043,104.05843245062836
1999-09-01,167.8,1.2555,13.61,1999,9,September,2.629969418960254,24.399306415655197,3.8138825324180115,8.110846245530393,104.23704745232418
1999-10-01,168.1,1.24425,13.64,1999,10,October,2.56253813300793,22.1349693251534,3.8051750380517557,8.11421772754313,104.28037626412849
1999-11-01,168.4,1.2513999999999998,13.66,1999,11,November,2.6203534430225606,25.718304199316844,3.7205770690964313,8.111638954869358,104.24723500593822
1999-12-01,168.8,1.2725,13.7,1999,12,December,2.676399026763998,34.65608465608465,3.709311127933379,8.116113744075829,104.3047430390995
2000-01-01,169.3,1.2888,13.74,2000,1,January,2.792956891317555,37.25239616613416,3.541823662396393,8.11577082102776,104.30033594211459
2000-02-01,170.0,1.377,13.8,2000,2,February,3.2179720704310855,49.59261271048341,3.759398496240607,8.117647058823529,104.32444852941177
2000-03-01,171.0,1.5162499999999999,13.85,2000,3,March,3.762135922330101,54.40427698574337,3.8230884557721057,8.099415204678362,104.09014071637426
2000-04-01,170.9,1.46475,13.89,2000,4,April,3.013863773357439,29.50928381962865,3.811659192825112,8.1275599765945,104.45184501170274
2000-05-01,171.2,1.4868000000000001,13.93,2000,5,May,3.1325301204819134,31.5053953652928,3.8002980625931437,8.136682242990654,104.56908038843457
2000-06-01,172.2,1.6332499999999999,13.98,2000,6,June,3.7349397590361377,46.57841597487096,3.786191536748329,8.118466898954704,104.33498475609757
2000-07-01,172.7,1.551,14.02,2000,7,July,3.5992801439711952,33.995680345572346,3.774981495188756,8.118123914302258,104.33057686740011
2000-08-01,172.7,1.4645000000000001,14.07,2000,8,August,3.3512866546977715,19.962319790301454,3.9911308203991247,8.147075854082225,104.70265453097858
2000-09-01,173.6,1.5502500000000001,14.13,2000,9,September,3.45649582836709,23.476702508960567,3.8207200587803136,8.139400921658988,104.60401965725808
2000-10-01,173.9,1.5322,14.17,2000,10,October,3.4503271861986873,23.142455294354015,3.885630498533721,8.14836112708453,104.71917229729728
2000-11-01,174.2,1.51725,14.23,2000,11,November,3.444180522565321,21.244206488732644,4.172767203513916,8.168771526980482,104.9814778272101
2000-12-01,174.6,1.44275,14.29,2000,12,December,3.4360189573459543,13.379174852652254,4.306569343065703,8.184421534936998,105.18260488258878
2001-01-01,175.6,1.4472,14.29,2001,1,January,3.7212049616065945,12.290502793296088,4.002911208151372,8.137813211845103,104.58361510535308
2001-02-01,176.0,1.44975,14.36,2001,2,February,3.529411764705892,5.283224400871456,4.057971014492745,8.159090909090908,104.85706676136361
2001-03-01,176.1,1.40925,14.42,2001,3,March,2.9824561403508643,-7.056883759274523,4.115523465703963,8.188529244747302,105.23539537194775
2001-04-01,176.4,1.5516,14.44,2001,4,April,3.2182562902282053,5.929339477726581,3.95968322534197,8.1859410430839,105.20213293650794
2001-05-01,177.3,1.70175,14.5,2001,5,May,3.5630841121495394,14.45722356739305,4.091888011486011,8.178228990411732,105.10302100958828
2001-06-01,177.7,1.61625,14.54,2001,6,June,3.193960511033689,-1.0408694321138778,4.005722460658068,8.182329769274057,105.15572242543611
2001-07-01,177.4,1.4205999999999999,14.55,2001,7,July,2.7214823393167498,-8.407479045776922,3.780313837375182,8.201803833145433,105.40599457440811
2001-08-01,177.4,1.42075,14.6,2001,8,August,2.7214823393167498,-2.98736770228748,3.766879886282859,8.22998872604284,105.76821448703495
2001-09-01,178.1,1.5215,14.62,2001,9,September,2.5921658986175045,-1.8545395903886486,3.4677990092002675,8.208871420550253,105.49682411566535
2001-10-01,177.6,1.3154,14.66,2001,10,October,2.127659574468077,-14.149588826523962,3.4580098800282233,8.254504504504505,106.08328054617118
2001-11-01,177.5,1.1705,14.72,2001,11,November,1.894374282433997,-22.85384742132146,3.4434293745607913,8.292957746478875,106.5774647887324
2001-12-01,177.4,1.0859999999999999,14.74,2001,12,December,1.603665521191311,-24.72708369433375,3.149055283414981,8.30890642615558,106.78243024239006
2002-01-01,177.7,1.10725,14.76,2002,1,January,1.1958997722095743,-23.49018794914317,3.2890132960112117,8.306133933595948,106.74679938097917
2002-02-01,178.0,1.11375,14.78,2002,2,February,1.1363636363636465,-23.176409725814796,2.924791086350975,8.303370786516853,106.7112886235955
2002-03-01,178.5,1.24925,14.82,2002,3,March,1.3628620102214661,-11.353556856483937,2.77392510402219,8.302521008403362,106.70036764705884
2002-04-01,179.3,1.3969999999999998,14.84,2002,4,April,1.643990929705219,-9.963908223769035,2.7700831024930705,8.276631344116007,106.36764500836587
2002-05-01,179.5,1.39175,14.88,2002,5,May,1.2408347433727984,-18.216541795210816,2.6206896551724146,8.289693593314764,106.53551532033427
2002-06-01,179.6,1.38225,14.93,2002,6,June,1.0692177827799743,-14.477958236658928,2.6822558459422385,8.312917594654788,106.83398002505567
2002-07-01,180.0,1.3969999999999998,14.97,2002,7,July,1.465614430665152,-1.6612698859636787,2.8865979381443196,8.316666666666666,106.88216145833334
2002-08-01,180.5,1.39575,15.02,2002,8,August,1.747463359639223,-1.7596339961287955,2.876712328767117,8.321329639889196,106.94208795013849
2002-09-01,180.8,1.3996,15.05,2002,9,September,1.516002245929271,-8.011830430496225,2.941176470588247,8.324115044247787,106.97788474834068
2002-10-01,181.2,1.44525,15.12,2002,10,October,2.0270270270270174,9.871521970503272,3.137789904502042,8.344370860927153,107.23820364238412
2002-11-01,181.5,1.419,15.15,2002,11,November,2.2535211267605604,21.23024348568987,2.9211956521739024,8.347107438016529,107.2733729338843
2002-12-01,181.8,1.3858000000000001,15.2,2002,12,December,2.4802705749718212,27.605893186003705,3.1207598371777445,8.36083608360836,107.44980748074806
2003-01-01,182.6,1.4575,15.21,2003,1,January,2.757456387169399,31.632422668773973,3.0487804878048808,8.329682365826944,107.04943352957284
2003-02-01,183.6,1.613,15.28,2003,2,February,3.146067415730336,44.82603815937149,3.382949932341006,8.32244008714597,106.9563589324619
2003-03-01,183.9,1.693,15.27,2003,3,March,3.025210084033625,35.52131278767261,3.0364372469635637,8.30342577487765,106.71199530995106
2003-04-01,183.2,1.589,15.28,2003,4,April,2.175125488008911,13.74373657838226,2.96495956873315,8.340611353711791,107.18988810043668
2003-05-01,182.9,1.49725,15.33,2003,5,May,1.8941504178273005,7.580384408119278,3.0241935483870996,8.381629305631492,107.71703287315472
2003-06-01,183.1,1.4928000000000001,15.36,2003,6,June,1.948775055679297,7.99782962561042,2.8801071667782896,8.388858547241943,107.80993992353905
2003-07-01,183.7,1.5125,15.4,2003,7,July,2.055555555555544,8.267716535433077,2.872411489645965,8.383233532934133,107.73764970059882
2003-08-01,184.5,1.62025,15.42,2003,8,August,2.216066481994461,16.084542360737952,2.663115845539288,8.357723577235772,107.40980691056909
2003-09-01,185.1,1.6788,15.42,2003,9,September,2.378318584070782,19.948556730494428,2.4584717607973428,8.330632090761751,107.06163897893033
2003-10-01,184.9,1.5635,15.42,2003,10,October,2.041942604856528,8.181975436775634,1.9841269841269993,8.339643050297457,107.17744388858841
2003-11-01,185.0,1.512,15.46,2003,11,November,1.9283746556473913,6.553911205074003,2.0462046204620554,8.356756756756758,107.39738175675677
2003-12-01,185.5,1.4788000000000001,15.47,2003,12,December,2.0352035203520247,6.710925097416642,1.7763157894737036,8.339622641509434,107.17718160377359
2004-01-01,186.3,1.57175,15.51,2004,1,January,2.026286966046009,7.8387650085763205,1.972386587771191,8.325281803542673,106.99287942834137
2004-02-01,186.7,1.6475,15.53,2004,2,February,1.688453159041381,2.1388716676999264,1.63612565445026,8.318157471880022,106.9013206347081
2004-03-01,187.1,1.736,15.56,2004,3,March,1.7400761283306032,2.539870053160076,1.8991486574983618,8.31640833778728,106.87884152859435
2004-04-01,187.4,1.79775,15.59,2004,4,April,2.2925764192139875,13.13719320327249,2.0287958115183358,8.319103521878334,106.91347885538953
2004-05-01,188.2,1.9834,15.63,2004,5,May,2.8977583378895444,32.46952746702287,1.9569471624266255,8.30499468650372,106.73215827577047
2004-06-01,188.9,1.96925,15.67,2004,6,June,3.1676679410158393,31.916532690246502,2.018229166666674,8.295394388565379,106.60877944679726
2004-07-01,189.1,1.91125,15.69,2004,7,July,2.939575394665228,26.363636363636367,1.8831168831168865,8.297197250132205,106.63194903490216
2004-08-01,189.2,1.8780000000000001,15.73,2004,8,August,2.5474254742547275,15.908038882888453,2.0103761348897464,8.313953488372093,106.84729287790698
2004-09-01,189.8,1.86975,15.78,2004,9,September,2.5391680172879516,11.374195854181558,2.3346303501945442,8.314014752370916,106.84808021601684
2004-10-01,190.8,1.9995,15.81,2004,10,October,3.1909140075716547,27.886152862168224,2.529182879377445,8.286163522012577,106.49014838836477
2004-11-01,191.7,1.9794,15.84,2004,11,November,3.621621621621607,30.912698412698415,2.457956015523921,8.262910798122066,106.1913145539906
2004-12-01,191.7,1.841,15.86,2004,12,December,3.3423180592991875,24.492832025966994,2.5210084033613356,8.273343766301513,106.32539449660929
2005-01-01,191.6,1.8308,15.9,2005,1,January,2.8448738593666034,16.481628757754095,2.5145067698259194,8.298538622129437,106.64918776096033
2005-02-01,192.4,1.91,15.93,2005,2,February,3.0530262453133394,15.933232169954481,2.5756600128783003,8.27962577962578,106.40612818347195
2005-03-01,193.1,2.07925,15.97,2005,3,March,3.2068412613575736,19.77246543778801,2.634961439588679,8.270326255825998,106.28661477213879
2005-04-01,193.7,2.2425,16.01,2005,4,April,3.3617929562433257,24.73925740508971,2.6940346375882163,8.265358802271555,106.22277523231803
2005-05-01,193.6,2.1612,16.04,2005,5,May,2.869287991498415,8.964404557829987,2.6231605886116283,8.285123966942148,106.47678848140494
2005-06-01,193.7,2.1555,16.08,2005,6,June,2.541026998411855,9.45791545004444,2.616464582003819,8.301497160557563,106.68720960247806
2005-07-01,194.9,2.29,16.15,2005,7,July,3.067160232681121,19.81687377370831,2.9318036966220484,8.286300667008721,106.49191091585426
2005-08-01,196.1,2.4861999999999997,16.17,2005,8,August,3.6469344608879517,32.38551650692223,2.7972027972028135,8.245792962774095,105.97132362315145
2005-09-01,198.8,2.90325,16.19,2005,9,September,4.741833508956805,55.27476935419173,2.5982256020278927,8.143863179074447,104.66136663732395
2005-10-01,199.1,2.7168,16.28,2005,10,October,4.350104821802936,35.87396849212303,2.972802024035426,8.176795580110499,105.08459944751382
2005-11-01,198.1,2.25675,16.3,2005,11,November,3.3385498174230532,14.01182176417095,2.90404040404042,8.228167592125189,105.74481007067138
2005-12-01,198.1,2.185,16.36,2005,12,December,3.3385498174230532,18.685497012493222,3.1525851197982346,8.258455325593134,106.13405477031802
2006-01-01,199.3,2.3156,16.42,2006,1,January,4.018789144050117,26.480227223071886,3.2704402515723263,8.23883592574009,105.88191482689413
2006-02-01,199.4,2.2800000000000002,16.48,2006,2,February,3.63825363825363,19.371727748691114,3.4526051475204156,8.264794383149448,106.21552156469407
2006-03-01,199.7,2.42475,16.54,2006,3,March,3.4179181771103018,16.616568474209448,3.569192235441454,8.28242363545318,106.44208500250375
2006-04-01,200.7,2.742,16.63,2006,4,April,3.613835828600931,22.274247491638775,3.8725796377264032,8.285999003487794,106.48803406826109
2006-05-01,201.3,2.9067999999999996,16.65,2006,5,May,3.9772727272727293,34.49935221173421,3.802992518703241,8.271236959761548,106.29831874068552
2006-06-01,201.8,2.8845,16.72,2006,6,June,4.1817243159525175,33.820459290187884,3.9800995024875663,8.285431119920712,106.48073587710603
2006-07-01,202.9,2.9806,16.78,2006,7,July,4.104669061056954,30.15720524017467,3.900928792569669,8.27008378511582,106.28349864465254
2006-08-01,203.8,2.95175,16.82,2006,8,August,3.926568077511483,18.725364009331535,4.019789734075441,8.253189401373897,106.06637941609422
2006-09-01,202.8,2.5549999999999997,16.87,2006,9,September,2.012072434607637,-11.995177817962633,4.200123533045086,8.31854043392505,106.90624229536489
2006-10-01,201.9,2.2446,16.93,2006,10,October,1.4063284781516971,-17.380742049469966,3.992628992628977,8.385339276869736,107.76471180039621
2006-11-01,202.0,2.22925,16.98,2006,11,November,1.9687026754164672,-1.218566522654252,4.171779141104293,8.405940594059407,108.02947091584161
2006-12-01,203.1,2.3127500000000003,17.05,2006,12,December,2.5239777889954462,5.846681922196817,4.21760391198045,8.394879369768587,107.8873169005416
2007-01-01,203.437,2.2398,17.09,2007,1,January,2.075765178123423,-3.273449645880122,4.080389768574899,8.400635086046295,107.96128684801683
2007-02-01,204.226,2.27775,17.16,2007,2,February,2.420260782347028,-0.09868421052632304,4.126213592233019,8.402456102553055,107.984689755467
2007-03-01,205.288,2.56275,17.22,2007,3,March,2.798197295943927,5.691308382307447,4.111245465538094,8.388215580063129,107.80167679065504
2007-04-01,205.904,2.8449999999999998,17.27,2007,4,April,2.5929247633283525,3.75638220277168,3.848466626578473,8.387403838682104,107.79124464556298
2007-05-01,206.755,3.146,17.34,2007,5,May,2.709885742672613,8.228980322003586,4.144144144144146,8.386737926531403,107.78268663393872
2007-06-01,207.234,3.056,17.41,2007,6,June,2.692765113974227,5.945571156179574,4.126794258373212,8.401131088527944,107.96766125490988
2007-07-01,207.603,2.9646,17.46,2007,7,July,2.3178905864958077,-0.5368046702006302,4.052443384982118,8.410283088394676,108.0852787531972
2007-08-01,207.667,2.78575,17.5,2007,8,August,1.897448478900876,-5.62378250190565,4.042806183115344,8.426952765725899,108.29951015327424
2007-09-01,208.547,2.80325,17.55,2007,9,September,2.8338264299802685,9.716242661448149,4.030823947836404,8.415369197351197,108.15064320033375
2007-10-01,209.19,2.803,17.58,2007,10,October,3.610698365527476,24.87748373875076,3.8393384524512575,8.403843395955828,108.00251864333856
2007-11-01,210.834,3.08,17.63,2007,11,November,4.373267326732666,38.16305932488506,3.8280329799764257,8.362028894770294,107.46513696794635
2007-12-01,211.445,3.0184,17.68,2007,12,December,4.108813392417532,30.51129607609988,3.6950146627565905,8.361512450046112,107.45849984629574
2008-01-01,212.174,3.04275,17.74,2008,1,January,4.294695655165981,35.84918296276454,3.8033937975424204,8.361062147105676,107.45271274991278
2008-02-01,212.687,3.0275,17.8,2008,2,February,4.142959270611968,32.916255076281395,3.7296037296037365,8.369105775153159,107.55608593849178
2008-03-01,213.448,3.2439999999999998,17.87,2008,3,March,3.9749035501344343,26.582772412447575,3.774680603948899,8.372062516397436,107.59408468338893
2008-04-01,213.942,3.458,17.92,2008,4,April,3.9037609759888126,21.54657293497366,3.763752171395507,8.376101934169073,107.64599751334471
2008-05-01,215.208,3.7657499999999997,17.98,2008,5,May,4.088413823123993,19.69961856325493,3.6908881199538612,8.354708003419947,107.37105207520166
2008-06-01,217.463,4.0542,18.04,2008,6,June,4.935966105947864,32.66361256544501,3.618609994256161,8.295664089983124,106.61224553142374
2008-07-01,219.016,4.0615000000000006,18.1,2008,7,July,5.497512078341837,36.99993253727318,3.6655211912943964,8.264236402819886,106.20835064561493
2008-08-01,218.69,3.7785,18.18,2008,8,August,5.308017162091239,35.63672260612043,3.8857142857142923,8.313137317664273,106.83680380904474
2008-09-01,218.877,3.7026000000000003,18.2,2008,9,September,4.953319875136075,32.08240435209135,3.703703703703698,8.315172448452783,106.86295841956897
2008-10-01,216.995,3.05125,18.25,2008,10,October,3.7310578899565128,8.856582233321442,3.811149032992045,8.410332035300353,108.08590779741469
2008-11-01,213.153,2.1470000000000002,18.31,2008,11,November,1.0999174706166848,-30.292207792207783,3.8570618264322176,8.59007379675632,110.39587027862613
2008-12-01,211.398,1.687,18.39,2008,12,December,-0.02222800255385904,-44.109461966604826,4.015837104072406,8.699230834728807,111.79870877444442
2009-01-01,211.933,1.7882500000000001,18.39,2009,1,January,-0.11358601902212717,-41.229151261194644,3.6640360766629243,8.677270646855375,111.51648604747729
2009-02-01,212.705,1.92275,18.44,2009,2,February,0.008463140671510772,-36.49050371593724,3.5955056179775235,8.669283749794317,111.41384194071603
2009-03-01,212.495,1.9586,18.49,2009,3,March,-0.4464787676623838,-39.62392108508015,3.4695019585897935,8.701381208969622,111.82634444339865
2009-04-01,212.709,2.049,18.52,2009,4,April,-0.5763244243767063,-40.746096009253904,3.3482142857142794,8.706730791832973,111.89509494191594
2009-05-01,213.022,2.2655000000000003,18.53,2009,5,May,-1.015761495855172,-39.83934143264952,3.058954393770863,8.69863206617157,111.79101366290807
2009-06-01,214.79,2.6306000000000003,18.56,2009,6,June,-1.2291746182109153,-35.11420255537466,2.882483370288247,8.64099818427301,111.0503282275711
2009-07-01,214.726,2.5265,18.59,2009,7,July,-1.9587610037622771,-37.79391850301613,2.707182320441981,8.657544964280058,111.26298020500542
2009-08-01,215.445,2.6164,18.67,2009,8,August,-1.4838355663267633,-30.755590842927095,2.695269526952715,8.66578477105526,111.36887459676485
2009-09-01,215.861,2.5540000000000003,18.7,2009,9,September,-1.377942862886472,-31.021444390428343,2.7472527472527375,8.662982196876694,111.33285713954812
2009-10-01,216.509,2.55125,18.74,2009,10,October,-0.22396829420033848,-16.386726751331427,2.6849315068492974,8.655529331344193,111.2370761723531
2009-11-01,217.234,2.6513999999999998,18.8,2009,11,November,1.9145871744709275,23.493246390312027,2.6761332605133914,8.654262224145391,111.2207918649935
2009-12-01,217.347,2.60725,18.84,2009,12,December,2.8141231232083674,54.54949614700653,2.446982055464919,8.668166572347443,111.39948446493393
2010-01-01,217.488,2.715,18.88,2010,1,January,2.6211113889767157,51.824409338738974,2.6644915715062556,8.68093871845803,111.56362649893327
2010-02-01,217.281,2.644,18.91,2010,2,February,2.151336357866529,37.5113769340788,2.5488069414316694,8.703015910272873,111.84735290936621
2010-03-01,217.353,2.7716000000000003,18.92,2010,3,March,2.2861714393279886,41.50924129480242,2.3255813953488635,8.704733774090995,111.8694301435913
2010-04-01,217.403,2.84825,18.96,2010,4,April,2.2067707525304403,39.00683260126891,2.3758099352051865,8.72113080316279,112.0801575875218
2010-05-01,217.29,2.8362000000000003,19.01,2010,5,May,2.003548929218568,25.190907084528803,2.59039395574745,8.748676883427677,112.434167759676
2010-06-01,217.199,2.7315,19.03,2010,6,June,1.1215605940686268,3.8356268531893667,2.5323275862069172,8.76155046754359,112.59961343054066
2010-07-01,217.605,2.72875,19.04,2010,7,July,1.3407784804821077,8.00514545814368,2.4206562668101173,8.749798947634476,112.4485880379587
2010-08-01,217.923,2.7298,19.11,2010,8,August,1.1501775395112546,4.334199663659999,2.3567220139260714,8.769152407042855,112.6973102311367
2010-09-01,218.275,2.705,19.11,2010,9,September,1.1183122472331775,5.912294440093957,2.1925133689839615,8.755010880769671,112.51556952239147
2010-10-01,219.035,2.8005,19.21,2010,10,October,1.1666951489314625,9.769720725134734,2.5080042689434423,8.77028785353939,112.71190249275232
2010-11-01,219.59,2.859,19.21,2010,11,November,1.084544776600338,7.829825752432695,2.1808510638297918,8.748121499157522,112.42703020401659
2010-12-01,220.472,2.9930000000000003,19.23,2010,12,December,1.437793022217937,14.795282385655394,2.070063694267521,8.722196015820604,112.09384723456948
2011-01-01,221.187,3.0948,19.33,2011,1,January,1.7007834915029774,13.988950276243116,2.3834745762711718,8.739211617319281,112.31252430070482
2011-02-01,221.898,3.2110000000000003,19.31,2011,2,February,2.124898173333145,21.444780635400917,2.115282919090422,8.702196504700357,111.83682226743818
2011-03-01,223.046,3.5612500000000002,19.3,2011,3,March,2.619241510354109,28.490763457930424,2.0084566596194398,8.652923612169687,111.20358860952449
2011-04-01,224.093,3.7995,19.36,2011,4,April,3.0772344447868694,33.39770034231546,2.1097046413502074,8.639270302954577,111.02812225281467
2011-05-01,224.806,3.9061999999999997,19.41,2011,5,May,3.4589718808964998,37.72653550525349,2.1041557075223594,8.634111189203136,110.96181957999343
2011-06-01,224.806,3.68,19.41,2011,6,June,3.5023181506360412,34.72451034230277,1.9968470835522778,8.634111189203136,110.96181957999343
2011-07-01,225.395,3.6502499999999998,19.48,2011,7,July,3.5798809769996165,33.77004122766836,2.310924369747913,8.642605204197077,111.07098094456398
2011-08-01,226.106,3.6393999999999997,19.47,2011,8,August,3.75499603070808,33.32112242655138,1.8838304552590168,8.611005457617225,110.66487482640885
2011-09-01,226.597,3.61125,19.49,2011,9,September,3.812621692818685,33.50277264325323,1.9884877027734227,8.601173007586155,110.53851248030644
2011-10-01,226.75,3.4479999999999995,19.56,2011,10,October,3.5222681306640524,23.120871272986943,1.8219677251431365,8.626240352811466,110.8606670341786
2011-11-01,227.169,3.38375,19.56,2011,11,November,3.451432214581729,18.35431969220007,1.8219677251431365,8.610329754499952,110.65619098556579
2011-12-01,227.223,3.26575,19.57,2011,12,December,3.062066838419386,9.112930170397583,1.7680707228289183,8.612684455358831,110.68645257082248
2012-01-01,227.842,3.38,19.59,2012,1,January,3.0087663379855023,9.215458187928128,1.345059493016043,8.59806357036894,110.49855135356957
2012-02-01,228.329,3.57925,19.58,2012,2,February,2.8981784423473878,11.468389909685438,1.3982392542724043,8.575345225529826,110.20658512497317
2012-03-01,228.807,3.85175,19.64,2012,3,March,2.5828752813320977,8.157248157248143,1.7616580310880758,8.583653472140277,110.31335907555277
2012-04-01,229.187,3.9004,19.68,2012,4,April,2.2731633741348567,2.6556125806026953,1.6528925619834656,8.586874473683062,110.35475397819248
2012-05-01,228.713,3.73225,19.68,2012,5,May,1.7379429374660749,-4.4531770006655975,1.391035548686248,8.604670482220076,110.58346049415644
2012-06-01,228.524,3.53875,19.71,2012,6,June,1.653870448297634,-3.838315217391308,1.5455950540958385,8.624914669793982,110.84362993602423
2012-07-01,228.59,3.4392000000000005,19.75,2012,7,July,1.4175114798464783,-5.781795767413167,1.386036960985626,8.63992300625574,111.03651051008355
2012-08-01,229.918,3.7215,19.74,2012,8,August,1.6859349154821235,2.255866351596425,1.3867488443759513,8.585669673535781,110.3392704137997
2012-09-01,231.015,3.8485,19.79,2012,9,September,1.9497168982819613,6.569747317410868,1.5392508978963715,8.56654329805424,110.0934666039002
2012-10-01,231.638,3.7456000000000005,19.79,2012,10,October,2.1556780595369363,8.631090487239002,1.1758691206543936,8.543503224859478,109.79736566323312
2012-11-01,231.249,3.4517499999999997,19.84,2012,11,November,1.7960197033926262,2.0096047284817065,1.4314928425357865,8.579496559985124,110.25993625918382
2012-12-01,231.221,3.3104,19.9,2012,12,December,1.7595049796895523,1.3672203934777638,1.686254471129267,8.606484705108965,110.60677609300194
2013-01-01,231.679,3.3185000000000002,19.93,2013,1,January,1.684061762098299,-1.8195266272189259,1.7355793772332762,8.602419727295093,110.55453477656584
2013-02-01,232.937,3.67,19.99,2013,2,February,2.0181404902574807,2.535447370259125,2.093973442288055,8.581719520728779,110.28850477811594
2013-03-01,232.282,3.71125,20.01,2013,3,March,1.5187472411246183,-3.6476926072564364,1.8839103869653817,8.614528891605893,110.71015645852886
2013-04-01,231.797,3.5702,20.04,2013,4,April,1.138808047576867,-8.465798379653366,1.8292682926829285,8.645495843345685,111.10813017424728
2013-05-01,231.893,3.61475,20.05,2013,5,May,1.3903888279197085,-3.148234978900133,1.880081300813008,8.64622907979111,111.11755340825293
2013-06-01,232.445,3.626,20.13,2013,6,June,1.7157935271568725,2.4655598728364536,2.130898021308969,8.660113145045065,111.29598534061822
2013-07-01,232.9,3.5909999999999997,20.14,2013,7,July,1.885471805415806,4.413817166782952,1.9746835443037902,8.647488192357235,111.13373497209102
2013-08-01,233.456,3.57375,20.17,2013,8,August,1.538809488600279,-3.970173317210801,2.1783181357649672,8.639743677609486,111.03420585677817
2013-09-01,233.544,3.5324,20.23,2013,9,September,1.0947341081747997,-8.213589710276736,2.2233451237999136,8.662179289555715,111.32253852593085
2013-10-01,233.669,3.34375,20.25,2013,10,October,0.8767991434911471,-10.728588210166611,2.3244062657908016,8.666104618070861,111.37298513067631
2013-11-01,234.1,3.24275,20.31,2013,11,November,1.2328701961954458,-6.054899688563764,2.368951612903225,8.67577958137548,111.49732352627082
2013-12-01,234.719,3.2763999999999998,20.34,2013,12,December,1.5128383667573297,-1.0270662155630772,2.2110552763819236,8.665681091006693,111.3675421461407
2014-01-01,235.288,3.3125,20.39,2014,1,January,1.557758795574915,-0.18080458038270963,2.308078273958869,8.6659753153582,111.37132338878311
2014-02-01,235.547,3.35625,20.51,2014,2,February,1.1204746347724948,-8.549046321525877,2.601300650325178,8.70739173073739,111.90358903955473
2014-03-01,236.028,3.5332,20.5,2014,3,March,1.6126949139408042,-4.7975749410576025,2.4487756121938986,8.685410205568832,111.62109209500571
2014-04-01,236.468,3.66075,20.51,2014,4,April,2.015125303606169,2.5362724777323598,2.345309381237537,8.673478018167364,111.467744842854
2014-05-01,236.918,3.67275,20.53,2014,5,May,2.166947687079812,1.6045369665952158,2.394014962593527,8.665445428376064,111.36451351311425
2014-06-01,237.231,3.6915999999999998,20.6,2014,6,June,2.0589816945944195,1.8091560948703789,2.334823646299067,8.683519438859172,111.59679278846357
2014-07-01,237.498,3.61125,20.61,2014,7,July,1.9742378703305974,0.5639097744360999,2.333664349553133,8.677967814465806,111.52544574059571
2014-08-01,237.46,3.4865,20.66,2014,8,August,1.7150983482969062,-2.4414130814970236,2.429350520575113,8.7004127010865,111.81389760380695
2014-09-01,237.477,3.4061999999999997,20.66,2014,9,September,1.6840509711232077,-3.5726418299173446,2.125556104794857,8.699789874387836,111.80589330756241
2014-10-01,237.43,3.1705,20.7,2014,10,October,1.6095417021513292,-5.181308411214946,2.2222222222222143,8.718359095312302,112.0445368108495
2014-11-01,236.983,2.9122500000000002,20.77,2014,11,November,1.231524989320798,-10.191966694934852,2.2648941408173417,8.764341746032416,112.63548572049473
2014-12-01,236.252,2.5425999999999997,20.71,2014,12,December,0.6531213919623191,-22.396532779880364,1.8190757128810242,8.76606335607741,112.65761109958858
2015-01-01,234.747,2.11575,20.8,2015,1,January,-0.22993097820542818,-36.12830188679246,2.0107896027464545,8.860603117398732,113.87259475094464
2015-02-01,235.342,2.21625,20.84,2015,2,February,-0.08703146293520536,-33.96648044692737,1.6089712335445983,8.855197967213671,113.80313012551943
2015-03-01,235.976,2.4636,20.91,2015,3,March,-0.022031284423873476,-30.27284048454658,2.0000000000000018,8.861070617350917,113.87860285579889
2015-04-01,236.222,2.469,20.92,2015,4,April,-0.10403098939391064,-32.55480434337227,1.9990248659190746,8.856076064041453,113.81441504178274
2015-05-01,237.001,2.7182500000000003,20.98,2015,5,May,0.03503321824429584,-25.988700564971744,2.1919142717973683,8.852283323699057,113.76567240222614
2015-06-01,237.657,2.8015999999999996,21.0,2015,6,June,0.1795718097550525,-24.108787517607546,1.9417475728155331,8.836264027569143,113.55979941680656
2015-07-01,238.034,2.7935,21.03,2015,7,July,0.22568611104094582,-22.64451367255106,2.037845705967989,8.834872329163062,113.54191391775966
2015-08-01,238.033,2.6362,21.11,2015,8,August,0.2413037985344868,-24.388355083895018,2.1781219748305825,8.868518230665497,113.97431632378705
2015-09-01,237.498,2.36525,21.09,2015,9,September,0.008842961634170088,-30.56044859374082,2.0813165537270084,8.880074779577091,114.12283603440872
2015-10-01,237.733,2.29,21.19,2015,10,October,0.12761656067050708,-27.771644850969878,2.3671497584541124,8.913360787101498,114.55061324048408
2015-11-01,238.017,2.158,21.21,2015,11,November,0.4363182169185187,-25.89921881706585,2.118440057775639,8.911128196725445,114.52192096572935
2015-12-01,237.761,2.0374999999999996,21.23,2015,12,December,0.6387247515364791,-19.86549201604657,2.510864316755179,8.92913471931898,114.75333291624783
2016-01-01,237.652,1.9485000000000001,21.31,2016,1,January,1.2375025026943876,-7.904998227578863,2.451923076923057,8.96689276757612,115.23858283330249
2016-02-01,237.336,1.7635999999999998,21.33,2016,2,February,0.8472775790126619,-20.424139875916538,2.3512476007677474,8.987258570128425,115.50031521766608
2016-03-01,238.08,1.96875,21.39,2016,3,March,0.8916160965521946,-20.0864588407209,2.295552367288378,8.984375,115.4632568359375
2016-04-01,238.992,2.11275,21.46,2016,4,April,1.1726257503534843,-14.428918590522466,2.581261950286806,8.979380062930979,115.3990640900114
2016-05-01,239.557,2.2682,21.48,2016,5,May,1.0784764621246223,-16.556608111836656,2.3832221163012424,8.96655075827465,115.23418747938905
2016-06-01,240.222,2.3655,21.52,2016,6,June,1.0792865347959424,-15.56610508280981,2.4761904761904763,8.958380165014027,115.12918258943807
2016-07-01,240.101,2.239,21.58,2016,7,July,0.8683633430518256,-19.849650975478795,2.615311459819303,8.987884265371655,115.50835637919042
2016-08-01,240.545,2.1776,21.6,2016,8,August,1.0553158595656864,-17.39625218116987,2.3211747986736198,8.979608805005302,115.40200378307594
2016-09-01,241.176,2.2185,21.62,2016,9,September,1.5486446201652182,-6.204418137617584,2.5130393551446195,8.96440773542973,115.20664628735861
2016-10-01,241.741,2.2494,21.71,2016,10,October,1.685924966243646,-1.7729257641921348,2.4539877300613577,8.980685940738228,115.41584666026863
2016-11-01,242.026,2.1814999999999998,21.71,2016,11,November,1.6843334719788938,1.0889712696941611,2.3573785950023574,8.970110649269087,115.27993764099725
2016-12-01,242.637,2.25425,21.76,2016,12,December,2.0507989115119862,10.638036809815965,2.4964672633066565,8.96812934548317,115.25447479156105
2017-01-01,243.618,2.3489999999999998,21.82,2017,1,January,2.5103933482571117,20.554272517321003,2.3932426091037184,8.956645239678513,115.10688608805589
2017-02-01,244.006,2.3040000000000003,21.85,2017,2,February,2.8103616813294208,30.641868904513526,2.437880918893587,8.954697835299132,115.0818588989615
2017-03-01,243.892,2.325,21.88,2017,3,March,2.44119623655914,18.0952380952381,2.2907900888265553,8.971183966673774,115.29373144670592
2017-04-01,244.193,2.41725,21.94,2017,4,April,2.176223471915395,14.412495562655314,2.236719478098781,8.984696531022593,115.46738901197004
2017-05-01,244.004,2.3914,21.97,2017,5,May,1.8563431667619756,5.431619786614927,2.281191806331462,9.003950754905658,115.71483587359224
2017-06-01,244.163,2.3465,22.02,2017,6,June,1.640565809959127,-0.8032128514056325,2.323420074349447,9.018565466512124,115.90265775322221
2017-07-01,244.243,2.2998,22.07,2017,7,July,1.7251073506566073,2.715497990174187,2.270620945319757,9.036082917422403,116.12778436843637
2017-08-01,245.183,2.38025,22.1,2017,8,August,1.92812155729698,9.306116825863352,2.314814814814814,9.013675499524846,115.83981403686228
2017-09-01,246.435,2.64525,22.18,2017,9,September,2.1805652303711787,19.23597025016901,2.590194264569834,9.000344918538357,115.6684952421531
2017-10-01,246.626,2.505,22.18,2017,10,October,2.020757753132485,11.363030141371034,2.1649009672961794,8.993374583377259,115.5789155441843
2017-11-01,247.284,2.5635,22.22,2017,11,November,2.172493864295566,17.510887004354814,2.349147858129874,8.98561977321622,115.47925411672406
2017-12-01,247.805,2.47675,22.29,2017,12,December,2.129930719552253,9.870245092602858,2.4356617647058654,8.994975888299267,115.59949481447104
2018-01-01,248.859,2.5545999999999998,22.36,2018,1,January,2.151318868063945,8.752660706683702,2.4747937671860676,8.98500757457034,115.47138640756411
2018-02-01,249.529,2.58725,22.41,2018,2,February,2.263468931091861,12.293836805555536,2.562929061784902,8.980920053380569,115.41885537352373
2018-03-01,249.577,2.59125,22.49,2018,3,March,2.3309497646499366,11.451612903225804,2.7879341864716523,9.011247029974717,115.80860440865945
2018-04-01,250.227,2.757,22.55,2018,4,April,2.4709963021052994,14.055228048402114,2.7803099361896066,9.011817269918913,115.81593288294228
2018-05-01,250.792,2.9007500000000004,22.6,2018,5,May,2.781921607842497,21.29923893953334,2.8675466545289074,9.011451720948036,115.81123500749624
2018-06-01,251.018,2.89075,22.66,2018,6,June,2.8075506935940187,23.194118900490103,2.906448683015439,9.027241074345266,116.01415286951533
2018-07-01,251.214,2.8486000000000002,22.7,2018,7,July,2.854124785561929,23.86294460387861,2.854553692795636,9.036120598374294,116.12826862754464
2018-08-01,251.663,2.83575,22.78,2018,8,August,2.6429238568742575,19.13664531036654,3.076923076923066,9.051787509486893,116.32961291489015
2018-09-01,252.182,2.8355,22.86,2018,9,September,2.332055105808828,7.192136849069097,3.0658250676284915,9.064881712414051,116.4978938821962
2018-10-01,252.772,2.8600000000000003,22.89,2018,10,October,2.492032470218053,14.171656686626765,3.2010820559062347,9.05559160033548,116.37850142618645
2018-11-01,252.594,2.64725,23.0,2018,11,November,2.147328577667773,3.267017749171064,3.5103510351035094,9.105521112932216,117.02017367791792
2018-12-01,252.767,2.3655999999999997,23.11,2018,12,December,2.0023809043401064,-4.487735944281834,3.6787797218483576,9.142807407612544,117.49936082439558
2019-01-01,252.561,2.24775,23.13,2019,1,January,1.4875893578291333,-12.011665231347369,3.4436493738819296,9.158183567534179,117.69696850463846
2019-02-01,253.319,2.30925,23.19,2019,2,February,1.5188615351321877,-10.744999516861531,3.4805890227576963,9.154465318432491,117.64918319391755
2019-03-01,254.277,2.516,23.29,2019,3,March,1.8831863513063984,-2.9040038591413464,3.5571365051133785,9.159302650259363,117.71135046622385
2019-04-01,255.233,2.7984,23.33,2019,4,April,2.000583470209061,1.501632208922743,3.458980044345883,9.140667546908118,117.47186027081136
2019-05-01,255.296,2.85925,23.4,2019,5,May,1.7959105553606136,-1.4306644833232962,3.539823008849541,9.165831035347205,117.79525041520431
2019-06-01,255.213,2.71575,23.48,2019,6,June,1.671194894390049,-6.053792268442459,3.6187113857016673,9.200158299146203,118.23640939137113
2019-07-01,255.802,2.7399999999999998,23.53,2019,7,July,1.826331335037068,-3.812399073228967,3.6563876651982463,9.198520730877789,118.21536408042157
2019-08-01,256.036,2.621,23.61,2019,8,August,1.7376412106666406,-7.572952481706774,3.6435469710272006,9.22135949632083,118.50887790193565
2019-09-01,256.43,2.5922,23.68,2019,9,September,1.6844977040391562,-8.580497266795984,3.5870516185476875,9.234488944351286,118.67761182388956
2019-10-01,257.155,2.627,23.75,2019,10,October,1.7339736996186295,-8.14685314685316,3.757099169943201,9.23567498201474,118.69285426104878
2019-11-01,257.879,2.59775,23.83,2019,11,November,2.092290394862917,-1.869864954197753,3.608695652173899,9.240767957065135,118.7583069482199
2019-12-01,258.63,2.555,23.85,2019,12,December,2.3195274699624457,8.006425431180265,3.2020770229338025,9.221668019951283,118.51284291265516
2020-01-01,259.127,2.5477499999999997,23.91,2020,1,January,2.599767976845202,13.346680013346667,3.3722438391699194,9.227135728812511,118.58311151481703
2020-02-01,259.25,2.442,24.03,2020,2,February,2.3413166797595197,5.7486196817148505,3.6222509702457995,9.269045323047251,119.12171528447443
2020-03-01,258.076,2.2342,24.12,2020,3,March,1.4940399642909163,-11.200317965023853,3.5637612709317423,9.346084099257583,120.11178393186503
2020-04-01,256.032,1.8405,25.14,2020,4,April,0.3130472940411133,-34.23027444253859,7.758251178739828,9.819085114360705,126.19058604002625
2020-05-01,255.802,1.8695,24.98,2020,5,May,0.1982013035848551,-34.61572090583195,6.75213675213675,9.765365399801409,125.50020377088529
2020-06-01,257.042,2.0822,24.78,2020,6,June,0.7166562831830481,-23.328730553254175,5.536626916524701,9.64044786455132,123.89481825927282
2020-07-01,258.352,2.18325,24.69,2020,7,July,0.9968647625897997,-20.319343065693417,4.929876753081164,9.55672880411222,122.81889752159844
2020-08-01,259.316,2.1824,24.8,2020,8,August,1.2810698495523853,-16.734070965280434,5.040237187632357,9.56362121889895,122.90747582100603
2020-09-01,259.997,2.18275,24.82,2020,9,September,1.3910228912373812,-15.79546331301598,4.814189189189189,9.546263995353792,122.68440837778896
2020-10-01,260.319,2.158,24.84,2020,10,October,1.2303863428671624,-17.853064331937563,4.589473684210521,9.542138683691931,122.63139167713457
2020-11-01,260.911,2.1082,24.94,2020,11,November,1.1757452138405844,-18.845154460590898,4.657994125052478,9.558815074872275,122.84570936066321
2020-12-01,262.045,2.19525,25.16,2020,12,December,1.3204191315779434,-14.080234833659489,5.492662473794541,9.601404338949417,123.39304794977961
2021-01-01,262.687,2.33425,25.16,2021,1,January,1.3738437137002402,-8.379943087037578,5.227938101212892,9.577938763623628,123.09147864188176
2021-02-01,263.579,2.501,25.25,2021,2,February,1.6698167791706853,2.4160524160524055,5.076987099459007,9.579670611088137,123.11373558781239
2021-03-01,264.961,2.8104,25.33,2021,3,March,2.6678187820641908,25.78999194342495,5.016583747927017,9.559897494348224,122.8596201422096
2021-04-01,266.614,2.85825,25.52,2021,4,April,4.133077115360573,55.297473512632436,1.511535401750197,9.571890448363552,123.01374834029721
2021-05-01,268.383,2.9852,25.68,2021,5,May,4.918257089467626,59.67905857181064,2.8022417934347343,9.56841528710835,122.9690870882284
2021-06-01,270.654,3.06375,25.82,2021,6,June,5.295632620349999,47.14004418403614,4.196933010492332,9.539855313425997,122.60204680145128
2021-07-01,271.903,3.136,25.97,2021,7,July,5.245169381309234,43.639070193518826,5.184285135682454,9.551200244204734,122.7478468884124
2021-08-01,272.676,3.1578,26.12,2021,8,August,5.152015301793966,44.69391495601174,5.32258064516129,9.57913421056492,123.10684200296322
2021-09-01,273.91,3.175,26.3,2021,9,September,5.351215590949132,45.4587103424579,5.962933118452862,9.601693987076047,123.396770380782
2021-10-01,276.55,3.2904999999999998,26.45,2021,10,October,6.235042390298062,52.479147358665436,6.481481481481488,9.56427409148436,122.91586625384197
2021-11-01,278.919,3.3948,26.56,2021,11,November,6.901970403700863,61.02836543022483,6.495589414595027,9.522477851992871,122.37871926975212
2021-12-01,280.845,3.3064999999999998,26.76,2021,12,December,7.174340285065539,50.62065823938047,6.359300476947549,9.528387544731078,122.454668055333
2022-01-01,282.543,3.3146,26.91,2022,1,January,7.558805726967832,41.9985005890543,6.955484896661357,9.524214013442203,122.4010316571283
2022-02-01,284.5,3.5172499999999998,26.97,2022,2,February,7.937278766517819,40.633746501399436,6.811881188118818,9.479789103690685,121.83010215289983
2022-03-01,287.674,4.22175,27.1,2022,3,March,8.572204966013853,50.218830059777964,6.987761547572058,9.420385575338752,121.06667399556443
2022-04-01,288.561,4.1085,27.28,2022,4,April,8.231750770777225,43.741800052479675,6.896551724137945,9.453806994015132,121.4961914465226
2022-05-01,291.298,4.4436,27.4,2022,5,May,8.538171195642065,48.854348117379075,6.697819314641751,9.406175119636934,120.88404743595905
2022-06-01,294.957,4.929,27.52,2022,6,June,8.979361103105798,60.8812729498164,6.584043377226956,9.330173550720952,119.90730852293723
2022-07-01,294.913,4.5592500000000005,27.66,2022,7,July,8.462576727730099,45.3842474489796,6.507508663842909,9.379037207583254,120.53528286308166
2022-08-01,295.097,3.975,27.75,2022,8,August,8.222579178218826,25.8787763632909,6.240428790199082,9.403687601026103,120.85207893506202
2022-09-01,296.349,3.70025,27.87,2022,9,September,8.192106896425821,16.543307086614178,5.969581749049424,9.404452183067939,120.86190500895906
2022-10-01,298.007,3.8152,27.99,2022,10,October,7.758813957693,15.945904877678174,5.822306238185249,9.39239682289342,120.70697479421622
2022-11-01,298.786,3.685,28.11,2022,11,November,7.122856456533988,8.54836809237658,5.835843373493987,9.408071328643244,120.90841668451668
2022-12-01,298.832,3.21,28.22,2022,12,December,6.404600402357152,-2.9184938756993795,5.455904334828099,9.443433099534186,121.36287069323231
2023-01-01,300.42,3.3391999999999995,28.31,2023,1,January,6.327178517960097,0.7421710010257598,5.2025269416573705,9.423473803341988,121.10636255076226
2023-02-01,301.45,3.38875,28.42,2023,2,February,5.957820738137087,-3.6534224180823083,5.376344086021523,9.427765798639907,121.16152139658318
2023-03-01,301.821,3.4219999999999997,28.56,2023,3,March,4.917719362889961,-18.94356605673004,5.387453874538739,9.46256224715974,121.60871012951384
2023-04-01,302.845,3.6029999999999998,28.7,2023,4,April,4.950079879124369,-12.303760496531591,5.205278592375362,9.476795060179297,121.7916240155855
2023-05-01,303.334,3.5548,28.78,2023,5,May,4.131851231385042,-20.00180034206499,5.036496350364983,9.487891235403879,121.93422720499515
2023-06-01,304.014,3.571,28.89,2023,6,June,3.070617072997095,-27.55122742949888,4.978197674418605,9.502851842349365,122.12649438019301
2023-07-01,304.609,3.597,29.01,2023,7,July,3.287749268428297,-21.105444974502397,4.88069414316703,9.523684461063201,122.39422608163255
2023-08-01,306.082,3.83975,29.06,2023,8,August,3.722504803505289,-3.4025157232704384,4.720720720720717,9.49418783201887,122.01514830993001
2023-09-01,307.276,3.8360000000000003,29.18,2023,9,September,3.687206638119256,3.6686710357408447,4.700394689630416,9.49634855960114,122.04291703549903
2023-10-01,307.696,3.6128,29.26,2023,10,October,3.2512659098611785,-5.305095407842309,4.537334762415157,9.509385887369351,122.21046706814518
2023-11-01,308.148,3.318,29.37,2023,11,November,3.1333462745911866,-9.959294436906374,4.482390608324449,9.531134389968457,122.489969308579
2023-12-01,308.741,3.134,29.47,2023,12,December,3.3159099427102934,-2.3676012461059215,4.4294826364280615,9.545217512413318,122.67095943687427
2024-01-01,309.698,3.0753999999999997,29.61,2024,1,January,3.0883429864855705,-7.90009583133684,4.592016955139533,9.560927096720032,122.87285214144103
2024-02-01,310.967,3.2115,29.66,2024,2,February,3.157074141648697,-5.230542235337509,4.363124560168896,9.537989561593353,122.57806897516457
2024-03-01,312.345,3.4255,29.78,2024,3,March,3.4868349120836584,0.1022793687901924,4.271708683473396,9.53432902719749,122.53102538859275
2024-04-01,313.023,3.6114000000000006,29.85,2024,4,April,3.3607951262196734,0.23313905079103137,4.006968641114983,9.53604048264824,122.553020265284
2024-05-01,313.175,3.6029999999999998,29.97,2024,5,May,3.244278584003113,1.3559131315404427,4.134815844336326,9.569729384529415,122.9859752933663
2024-06-01,313.044,3.4545,30.07,2024,6,June,2.9702579486470926,-3.2623914869784443,4.084458290065762,9.605678434980387,123.44797676205263
2024-07-01,313.569,3.4838,30.16,2024,7,July,2.9414757935583014,-3.1470670002780032,3.964150293002411,9.618297727135017,123.61015438388361
2024-08-01,314.062,3.38925,30.27,2024,8,August,2.607144490692037,-11.732534670225924,4.163799036476257,9.638224299660576,123.86624197610662
2024-09-01,314.732,3.2138,30.39,2024,9,September,2.4264830315416708,-16.22002085505736,4.146675805346134,9.655834170024018,124.09255632569929
2024-10-01,315.631,3.137,30.48,2024,10,October,2.578844053871343,-13.169840566873336,4.16951469583049,9.656846127281542,124.10556155764168
2024-11-01,316.528,3.05275,30.56,2024,11,November,2.719472461284833,-7.99427365883062,4.051753489955723,9.654754081787392,124.07867550422078
2024-12-01,317.604,3.0176,30.66,2024,12,December,2.870690967509981,-3.714103382259093,4.038004750593838,9.653530811954509,124.06295457550911
2025-01-01,318.961,3.0755,30.79,2025,1,January,2.9909783078999608,0.003251609546728318,3.9851401553529175,9.65321779151683,124.0589317737905
2025-02-01,319.679,3.12075,30.89,2025,2,February,2.8015834477613355,-2.825782344698735,4.146999325691159,9.662818014320615,124.18230963716728
2025-03-01,319.785,3.0964,31.02,2025,3,March,2.381981462805549,-9.607356590278792,4.163868368032242,9.700267367137293,124.66359233547537
2025-04-01,320.302,3.17125,31.09,2025,4,April,2.32538823025783,-12.18779420723266,4.154103852596314,9.706464524105375,124.74323548557298
2025-05-01,320.62,3.15,31.2,2025,5,May,2.3772651073680873,-12.572855953372187,4.1041041041041115,9.73114590480943,125.06042979227745
2025-06-01,321.435,3.1502,31.31,2025,6,June,2.680453865910226,-8.808800115790994,4.123711340206171,9.740694075007388,125.18313869833713
2025-07-01,322.169,3.12475,31.39,2025,7,July,2.742618052167134,-10.306274757448763,4.078249336870021,9.74333346783831,125.2170590202658
2025-08-01,323.291,3.1325,31.49,2025,8,August,2.9385917430316155,-7.575422291067357,4.030393128510079,9.740450553835398,125.18000907077523
2025-09-01,324.245,3.1656,31.56,2025,9,September,3.0225715847133294,-1.4997821893086072,3.8499506416584284,9.733380622677295,125.08914940862617
2025-11-01,325.063,3.0495,31.79,2025,11,November,2.988299628363511,-2.78928912974179,4.297900262467191,9.77964271541209,125.68368958478817
2025-12-01,326.031,2.8944,31.83,2025,12,December,3.00226204316838,-5.187126361477357,4.155759162303663,9.762875309403093,125.46820221850068
2026-01-01,326.588,2.8085,31.94,2026,1,January,2.8286797395498997,-6.929347826086952,4.174820613176777,9.779906181488602,125.6870755355371
2026-02-01,327.46,2.9074999999999998,32.02,2026,2,February,2.6645890876940914,-5.462526418468549,3.994803507632372,9.778293532034448,125.66635047028647
2026-03-01,330.293,3.6376,32.07,2026,3,March,3.3202055812236786,16.561723944564612,3.8200064745872453,9.709560905014639,124.7830288183522
