date,cpi,gas_price,hourly_wage,year,month,month_name
1947-01-01,21.48,,,1947,1,January
1947-02-01,21.62,,,1947,2,February
1947-03-01,22.0,,,1947,3,March
1947-04-01,22.0,,,1947,4,April
1947-05-01,21.95,,,1947,5,May
1947-06-01,22.08,,,1947,6,June
1947-07-01,22.23,,,1947,7,July
1947-08-01,22.4,,,1947,8,August
1947-09-01,22.84,,,1947,9,September
1947-10-01,22.91,,,1947,10,October
1947-11-01,23.06,,,1947,11,November
1947-12-01,23.41,,,1947,12,December
1948-01-01,23.68,,,1948,1,January
1948-02-01,23.67,,,1948,2,February
1948-03-01,23.5,,,1948,3,March
1948-04-01,23.82,,,1948,4,April
1948-05-01,24.01,,,1948,5,May
1948-06-01,24.15,,,1948,6,June
1948-07-01,24.4,,,1948,7,July
1948-08-01,24.43,,,1948,8,August
1948-09-01,24.36,,,1948,9,September
1948-10-01,24.31,,,1948,10,October
1948-11-01,24.16,,,1948,11,November
1948-12-01,24.05,,,1948,12,December
1949-01-01,24.01,,,1949,1,January
1949-02-01,23.91,,,1949,2,February
1949-03-01,23.91,,,1949,3,March
1949-04-01,23.92,,,1949,4,April
1949-05-01,23.91,,,1949,5,May
1949-06-01,23.92,,,1949,6,June
1949-07-01,23.7,,,1949,7,July
1949-08-01,23.7,,,1949,8,August
1949-09-01,23.75,,,1949,9,September
1949-10-01,23.67,,,1949,10,October
1949-11-01,23.7,,,1949,11,November
1949-12-01,23.61,,,1949,12,December
1950-01-01,23.51,,,1950,1,January
1950-02-01,23.61,,,1950,2,February
1950-03-01,23.64,,,1950,3,March
1950-04-01,23.65,,,1950,4,April
1950-05-01,23.77,,,1950,5,May
1950-06-01,23.88,,,1950,6,June
1950-07-01,24.07,,,1950,7,July
1950-08-01,24.2,,,1950,8,August
1950-09-01,24.34,,,1950,9,September
1950-10-01,24.5,,,1950,10,October
1950-11-01,24.6,,,1950,11,November
1950-12-01,24.98,,,1950,12,December
1951-01-01,25.38,,,1951,1,January
1951-02-01,25.83,,,1951,2,February
1951-03-01,25.88,,,1951,3,March
1951-04-01,25.92,,,1951,4,April
1951-05-01,25.99,,,1951,5,May
1951-06-01,25.93,,,1951,6,June
1951-07-01,25.91,,,1951,7,July
1951-08-01,25.86,,,1951,8,August
1951-09-01,26.03,,,1951,9,September
1951-10-01,26.16,,,1951,10,October
1951-11-01,26.32,,,1951,11,November
1951-12-01,26.47,,,1951,12,December
1952-01-01,26.45,,,1952,1,January
1952-02-01,26.41,,,1952,2,February
1952-03-01,26.39,,,1952,3,March
1952-04-01,26.46,,,1952,4,April
1952-05-01,26.47,,,1952,5,May
1952-06-01,26.53,,,1952,6,June
1952-07-01,26.68,,,1952,7,July
1952-08-01,26.69,,,1952,8,August
1952-09-01,26.63,,,1952,9,September
1952-10-01,26.69,,,1952,10,October
1952-11-01,26.69,,,1952,11,November
1952-12-01,26.71,,,1952,12,December
1953-01-01,26.64,,,1953,1,January
1953-02-01,26.59,,,1953,2,February
1953-03-01,26.63,,,1953,3,March
1953-04-01,26.69,,,1953,4,April
1953-05-01,26.7,,,1953,5,May
1953-06-01,26.77,,,1953,6,June
1953-07-01,26.79,,,1953,7,July
1953-08-01,26.85,,,1953,8,August
1953-09-01,26.89,,,1953,9,September
1953-10-01,26.95,,,1953,10,October
1953-11-01,26.85,,,1953,11,November
1953-12-01,26.87,,,1953,12,December
1954-01-01,26.94,,,1954,1,January
1954-02-01,26.99,,,1954,2,February
1954-03-01,26.93,,,1954,3,March
1954-04-01,26.86,,,1954,4,April
1954-05-01,26.93,,,1954,5,May
1954-06-01,26.94,,,1954,6,June
1954-07-01,26.86,,,1954,7,July
1954-08-01,26.85,,,1954,8,August
1954-09-01,26.81,,,1954,9,September
1954-10-01,26.72,,,1954,10,October
1954-11-01,26.78,,,1954,11,November
1954-12-01,26.77,,,1954,12,December
1955-01-01,26.77,,,1955,1,January
1955-02-01,26.82,,,1955,2,February
1955-03-01,26.79,,,1955,3,March
1955-04-01,26.79,,,1955,4,April
1955-05-01,26.77,,,1955,5,May
1955-06-01,26.71,,,1955,6,June
1955-07-01,26.76,,,1955,7,July
1955-08-01,26.72,,,1955,8,August
1955-09-01,26.85,,,1955,9,September
1955-10-01,26.82,,,1955,10,October
1955-11-01,26.88,,,1955,11,November
1955-12-01,26.87,,,1955,12,December
1956-01-01,26.83,,,1956,1,January
1956-02-01,26.86,,,1956,2,February
1956-03-01,26.89,,,1956,3,March
1956-04-01,26.93,,,1956,4,April
1956-05-01,27.03,,,1956,5,May
1956-06-01,27.15,,,1956,6,June
1956-07-01,27.29,,,1956,7,July
1956-08-01,27.31,,,1956,8,August
1956-09-01,27.35,,,1956,9,September
1956-10-01,27.51,,,1956,10,October
1956-11-01,27.51,,,1956,11,November
1956-12-01,27.63,,,1956,12,December
1957-01-01,27.67,,,1957,1,January
1957-02-01,27.8,,,1957,2,February
1957-03-01,27.86,,,1957,3,March
1957-04-01,27.93,,,1957,4,April
1957-05-01,28.0,,,1957,5,May
1957-06-01,28.11,,,1957,6,June
1957-07-01,28.19,,,1957,7,July
1957-08-01,28.28,,,1957,8,August
1957-09-01,28.32,,,1957,9,September
1957-10-01,28.32,,,1957,10,October
1957-11-01,28.41,,,1957,11,November
1957-12-01,28.47,,,1957,12,December
1958-01-01,28.64,,,1958,1,January
1958-02-01,28.7,,,1958,2,February
1958-03-01,28.87,,,1958,3,March
1958-04-01,28.94,,,1958,4,April
1958-05-01,28.94,,,1958,5,May
1958-06-01,28.91,,,1958,6,June
1958-07-01,28.89,,,1958,7,July
1958-08-01,28.94,,,1958,8,August
1958-09-01,28.91,,,1958,9,September
1958-10-01,28.91,,,1958,10,October
1958-11-01,28.95,,,1958,11,November
1958-12-01,28.97,,,1958,12,December
1959-01-01,29.01,,,1959,1,January
1959-02-01,29.0,,,1959,2,February
1959-03-01,28.97,,,1959,3,March
1959-04-01,28.98,,,1959,4,April
1959-05-01,29.04,,,1959,5,May
1959-06-01,29.11,,,1959,6,June
1959-07-01,29.15,,,1959,7,July
1959-08-01,29.18,,,1959,8,August
1959-09-01,29.25,,,1959,9,September
1959-10-01,29.35,,,1959,10,October
1959-11-01,29.35,,,1959,11,November
1959-12-01,29.41,,,1959,12,December
1960-01-01,29.37,,,1960,1,January
1960-02-01,29.41,,,1960,2,February
1960-03-01,29.41,,,1960,3,March
1960-04-01,29.54,,,1960,4,April
1960-05-01,29.57,,,1960,5,May
1960-06-01,29.61,,,1960,6,June
1960-07-01,29.55,,,1960,7,July
1960-08-01,29.61,,,1960,8,August
1960-09-01,29.61,,,1960,9,September
1960-10-01,29.75,,,1960,10,October
1960-11-01,29.78,,,1960,11,November
1960-12-01,29.81,,,1960,12,December
1961-01-01,29.84,,,1961,1,January
1961-02-01,29.84,,,1961,2,February
1961-03-01,29.84,,,1961,3,March
1961-04-01,29.81,,,1961,4,April
1961-05-01,29.84,,,1961,5,May
1961-06-01,29.84,,,1961,6,June
1961-07-01,29.92,,,1961,7,July
1961-08-01,29.94,,,1961,8,August
1961-09-01,29.98,,,1961,9,September
1961-10-01,29.98,,,1961,10,October
1961-11-01,29.98,,,1961,11,November
1961-12-01,30.01,,,1961,12,December
1962-01-01,30.04,,,1962,1,January
1962-02-01,30.11,,,1962,2,February
1962-03-01,30.17,,,1962,3,March
1962-04-01,30.21,,,1962,4,April
1962-05-01,30.24,,,1962,5,May
1962-06-01,30.21,,,1962,6,June
1962-07-01,30.22,,,1962,7,July
1962-08-01,30.28,,,1962,8,August
1962-09-01,30.42,,,1962,9,September
1962-10-01,30.38,,,1962,10,October
1962-11-01,30.38,,,1962,11,November
1962-12-01,30.38,,,1962,12,December
1963-01-01,30.44,,,1963,1,January
1963-02-01,30.48,,,1963,2,February
1963-03-01,30.51,,,1963,3,March
1963-04-01,30.48,,,1963,4,April
1963-05-01,30.51,,,1963,5,May
1963-06-01,30.61,,,1963,6,June
1963-07-01,30.69,,,1963,7,July
1963-08-01,30.75,,,1963,8,August
1963-09-01,30.72,,,1963,9,September
1963-10-01,30.75,,,1963,10,October
1963-11-01,30.78,,,1963,11,November
1963-12-01,30.88,,,1963,12,December
1964-01-01,30.94,,2.5,1964,1,January
1964-02-01,30.91,,2.5,1964,2,February
1964-03-01,30.94,,2.51,1964,3,March
1964-04-01,30.95,,2.52,1964,4,April
1964-05-01,30.98,,2.52,1964,5,May
1964-06-01,31.01,,2.53,1964,6,June
1964-07-01,31.02,,2.54,1964,7,July
1964-08-01,31.05,,2.55,1964,8,August
1964-09-01,31.08,,2.56,1964,9,September
1964-10-01,31.12,,2.55,1964,10,October
1964-11-01,31.21,,2.56,1964,11,November
1964-12-01,31.25,,2.58,1964,12,December
1965-01-01,31.28,,2.58,1965,1,January
1965-02-01,31.28,,2.59,1965,2,February
1965-03-01,31.31,,2.61,1965,3,March
1965-04-01,31.38,,2.6,1965,4,April
1965-05-01,31.48,,2.62,1965,5,May
1965-06-01,31.61,,2.63,1965,6,June
1965-07-01,31.58,,2.63,1965,7,July
1965-08-01,31.55,,2.64,1965,8,August
1965-09-01,31.62,,2.65,1965,9,September
1965-10-01,31.65,,2.66,1965,10,October
1965-11-01,31.75,,2.67,1965,11,November
1965-12-01,31.85,,2.67,1965,12,December
1966-01-01,31.88,,2.68,1966,1,January
1966-02-01,32.08,,2.69,1966,2,February
1966-03-01,32.18,,2.7,1966,3,March
1966-04-01,32.28,,2.71,1966,4,April
1966-05-01,32.35,,2.72,1966,5,May
1966-06-01,32.38,,2.73,1966,6,June
1966-07-01,32.45,,2.74,1966,7,July
1966-08-01,32.65,,2.75,1966,8,August
1966-09-01,32.75,,2.76,1966,9,September
1966-10-01,32.85,,2.77,1966,10,October
1966-11-01,32.88,,2.78,1966,11,November
1966-12-01,32.92,,2.78,1966,12,December
1967-01-01,32.9,,2.8,1967,1,January
1967-02-01,33.0,,2.81,1967,2,February
1967-03-01,33.0,,2.81,1967,3,March
1967-04-01,33.1,,2.82,1967,4,April
1967-05-01,33.1,,2.83,1967,5,May
1967-06-01,33.3,,2.85,1967,6,June
1967-07-01,33.4,,2.86,1967,7,July
1967-08-01,33.5,,2.88,1967,8,August
1967-09-01,33.6,,2.88,1967,9,September
1967-10-01,33.7,,2.89,1967,10,October
1967-11-01,33.9,,2.91,1967,11,November
1967-12-01,34.0,,2.92,1967,12,December
1968-01-01,34.1,,2.94,1968,1,January
1968-02-01,34.2,,2.95,1968,2,February
1968-03-01,34.3,,2.97,1968,3,March
1968-04-01,34.4,,2.99,1968,4,April
1968-05-01,34.5,,3.0,1968,5,May
1968-06-01,34.7,,3.01,1968,6,June
1968-07-01,34.9,,3.03,1968,7,July
1968-08-01,35.0,,3.04,1968,8,August
1968-09-01,35.1,,3.07,1968,9,September
1968-10-01,35.3,,3.08,1968,10,October
1968-11-01,35.4,,3.1,1968,11,November
1968-12-01,35.6,,3.11,1968,12,December
1969-01-01,35.7,,3.12,1969,1,January
1969-02-01,35.8,,3.14,1969,2,February
1969-03-01,36.1,,3.16,1969,3,March
1969-04-01,36.3,,3.18,1969,4,April
1969-05-01,36.4,,3.19,1969,5,May
1969-06-01,36.6,,3.21,1969,6,June
1969-07-01,36.8,,3.22,1969,7,July
1969-08-01,36.9,,3.24,1969,8,August
1969-09-01,37.1,,3.26,1969,9,September
1969-10-01,37.3,,3.28,1969,10,October
1969-11-01,37.5,,3.3,1969,11,November
1969-12-01,37.7,,3.31,1969,12,December
1970-01-01,37.9,,3.31,1970,1,January
1970-02-01,38.1,,3.33,1970,2,February
1970-03-01,38.3,,3.36,1970,3,March
1970-04-01,38.5,,3.36,1970,4,April
1970-05-01,38.6,,3.37,1970,5,May
1970-06-01,38.8,,3.4,1970,6,June
1970-07-01,38.9,,3.41,1970,7,July
1970-08-01,39.0,,3.44,1970,8,August
1970-09-01,39.2,,3.45,1970,9,September
1970-10-01,39.4,,3.45,1970,10,October
1970-11-01,39.6,,3.47,1970,11,November
1970-12-01,39.8,,3.5,1970,12,December
1971-01-01,39.9,,3.53,1971,1,January
1971-02-01,39.9,,3.55,1971,2,February
1971-03-01,40.0,,3.56,1971,3,March
1971-04-01,40.1,,3.58,1971,4,April
1971-05-01,40.3,,3.61,1971,5,May
1971-06-01,40.5,,3.62,1971,6,June
1971-07-01,40.6,,3.63,1971,7,July
1971-08-01,40.7,,3.66,1971,8,August
1971-09-01,40.8,,3.67,1971,9,September
1971-10-01,40.9,,3.68,1971,10,October
1971-11-01,41.0,,3.7,1971,11,November
1971-12-01,41.1,,3.73,1971,12,December
1972-01-01,41.2,,3.8,1972,1,January
1972-02-01,41.4,,3.82,1972,2,February
1972-03-01,41.4,,3.84,1972,3,March
1972-04-01,41.5,,3.86,1972,4,April
1972-05-01,41.6,,3.88,1972,5,May
1972-06-01,41.7,,3.88,1972,6,June
1972-07-01,41.8,,3.9,1972,7,July
1972-08-01,41.9,,3.92,1972,8,August
1972-09-01,42.1,,3.94,1972,9,September
1972-10-01,42.2,,3.97,1972,10,October
1972-11-01,42.4,,3.99,1972,11,November
1972-12-01,42.5,,4.0,1972,12,December
1973-01-01,42.7,,4.03,1973,1,January
1973-02-01,43.0,,4.05,1973,2,February
1973-03-01,43.4,,4.06,1973,3,March
1973-04-01,43.7,,4.09,1973,4,April
1973-05-01,43.9,,4.1,1973,5,May
1973-06-01,44.2,,4.12,1973,6,June
1973-07-01,44.2,,4.15,1973,7,July
1973-08-01,45.0,,4.16,1973,8,August
1973-09-01,45.2,,4.2,1973,9,September
1973-10-01,45.6,,4.21,1973,10,October
1973-11-01,45.9,,4.24,1973,11,November
1973-12-01,46.3,,4.25,1973,12,December
1974-01-01,46.8,,4.27,1974,1,January
1974-02-01,47.3,,4.29,1974,2,February
1974-03-01,47.8,,4.32,1974,3,March
1974-04-01,48.1,,4.33,1974,4,April
1974-05-01,48.6,,4.4,1974,5,May
1974-06-01,49.0,,4.44,1974,6,June
1974-07-01,49.3,,4.45,1974,7,July
1974-08-01,49.9,,4.49,1974,8,August
1974-09-01,50.6,,4.53,1974,9,September
1974-10-01,51.0,,4.56,1974,10,October
1974-11-01,51.5,,4.57,1974,11,November
1974-12-01,51.9,,4.6,1974,12,December
1975-01-01,52.3,,4.61,1975,1,January
1975-02-01,52.6,,4.64,1975,2,February
1975-03-01,52.8,,4.67,1975,3,March
1975-04-01,53.0,,4.67,1975,4,April
1975-05-01,53.1,,4.69,1975,5,May
1975-06-01,53.5,,4.72,1975,6,June
1975-07-01,54.0,,4.74,1975,7,July
1975-08-01,54.2,,4.78,1975,8,August
1975-09-01,54.6,,4.79,1975,9,September
1975-10-01,54.9,,4.82,1975,10,October
1975-11-01,55.3,,4.86,1975,11,November
1975-12-01,55.6,,4.87,1975,12,December
1976-01-01,55.8,,4.9,1976,1,January
1976-02-01,55.9,,4.93,1976,2,February
1976-03-01,56.0,,4.95,1976,3,March
1976-04-01,56.1,,4.98,1976,4,April
1976-05-01,56.4,,5.01,1976,5,May
1976-06-01,56.7,,5.03,1976,6,June
1976-07-01,57.0,,5.06,1976,7,July
1976-08-01,57.3,,5.11,1976,8,August
1976-09-01,57.6,,5.14,1976,9,September
1976-10-01,57.9,,5.16,1976,10,October
1976-11-01,58.1,,5.21,1976,11,November
1976-12-01,58.4,,5.23,1976,12,December
1977-01-01,58.7,,5.26,1977,1,January
1977-02-01,59.3,,5.3,1977,2,February
1977-03-01,59.6,,5.32,1977,3,March
1977-04-01,60.0,,5.36,1977,4,April
1977-05-01,60.2,,5.4,1977,5,May
1977-06-01,60.5,,5.42,1977,6,June
1977-07-01,60.8,,5.46,1977,7,July
1977-08-01,61.1,,5.48,1977,8,August
1977-09-01,61.3,,5.51,1977,9,September
1977-10-01,61.6,,5.55,1977,10,October
1977-11-01,62.0,,5.58,1977,11,November
1977-12-01,62.3,,5.61,1977,12,December
1978-01-01,62.7,,5.66,1978,1,January
1978-02-01,63.0,,5.69,1978,2,February
1978-03-01,63.4,,5.73,1978,3,March
1978-04-01,63.9,,5.79,1978,4,April
1978-05-01,64.5,,5.82,1978,5,May
1978-06-01,65.0,,5.86,1978,6,June
1978-07-01,65.5,,5.9,1978,7,July
1978-08-01,65.9,,5.92,1978,8,August
1978-09-01,66.5,,5.97,1978,9,September
1978-10-01,67.1,,6.02,1978,10,October
1978-11-01,67.5,,6.05,1978,11,November
1978-12-01,67.9,,6.1,1978,12,December
1979-01-01,68.5,,6.13,1979,1,January
1979-02-01,69.2,,6.18,1979,2,February
1979-03-01,69.9,,6.22,1979,3,March
1979-04-01,70.6,,6.21,1979,4,April
1979-05-01,71.4,,6.27,1979,5,May
1979-06-01,72.2,,6.32,1979,6,June
1979-07-01,73.0,,6.36,1979,7,July
1979-08-01,73.7,,6.4,1979,8,August
1979-09-01,74.4,,6.45,1979,9,September
1979-10-01,75.2,,6.46,1979,10,October
1979-11-01,76.0,,6.51,1979,11,November
1979-12-01,76.9,,6.56,1979,12,December
1980-01-01,78.0,,6.57,1980,1,January
1980-02-01,79.0,,6.63,1980,2,February
1980-03-01,80.1,,6.69,1980,3,March
1980-04-01,80.9,,6.72,1980,4,April
1980-05-01,81.7,,6.76,1980,5,May
1980-06-01,82.5,,6.82,1980,6,June
1980-07-01,82.6,,6.86,1980,7,July
1980-08-01,83.2,,6.91,1980,8,August
1980-09-01,83.9,,6.95,1980,9,September
1980-10-01,84.7,,7.02,1980,10,October
1980-11-01,85.6,,7.09,1980,11,November
1980-12-01,86.4,,7.13,1980,12,December
1981-01-01,87.2,,7.18,1981,1,January
1981-02-01,88.0,,7.23,1981,2,February
1981-03-01,88.6,,7.29,1981,3,March
1981-04-01,89.1,,7.33,1981,4,April
1981-05-01,89.7,,7.37,1981,5,May
1981-06-01,90.5,,7.41,1981,6,June
1981-07-01,91.5,,7.45,1981,7,July
1981-08-01,92.2,,7.52,1981,8,August
1981-09-01,93.1,,7.56,1981,9,September
1981-10-01,93.4,,7.59,1981,10,October
1981-11-01,93.8,,7.63,1981,11,November
1981-12-01,94.1,,7.64,1981,12,December
1982-01-01,94.4,,7.72,1982,1,January
1982-02-01,94.7,,7.72,1982,2,February
1982-03-01,94.7,,7.75,1982,3,March
1982-04-01,95.0,,7.77,1982,4,April
1982-05-01,95.9,,7.84,1982,5,May
1982-06-01,97.0,,7.85,1982,6,June
1982-07-01,97.5,,7.9,1982,7,July
1982-08-01,97.7,,7.94,1982,8,August
1982-09-01,97.7,,7.94,1982,9,September
1982-10-01,98.1,,7.96,1982,10,October
1982-11-01,98.0,,7.98,1982,11,November
1982-12-01,97.7,,8.01,1982,12,December
1983-01-01,97.9,,8.06,1983,1,January
1983-02-01,98.0,,8.09,1983,2,February
1983-03-01,98.1,,8.1,1983,3,March
1983-04-01,98.8,,8.13,1983,4,April
1983-05-01,99.2,,8.17,1983,5,May
1983-06-01,99.4,,8.19,1983,6,June
1983-07-01,99.8,,8.22,1983,7,July
1983-08-01,100.1,,8.2,1983,8,August
1983-09-01,100.4,,8.27,1983,9,September
1983-10-01,100.8,,8.31,1983,10,October
1983-11-01,101.1,,8.31,1983,11,November
1983-12-01,101.4,,8.33,1983,12,December
1984-01-01,102.1,,8.38,1984,1,January
1984-02-01,102.6,,8.38,1984,2,February
1984-03-01,102.9,,8.41,1984,3,March
1984-04-01,103.3,,8.45,1984,4,April
1984-05-01,103.5,,8.45,1984,5,May
1984-06-01,103.7,,8.48,1984,6,June
1984-07-01,104.1,,8.51,1984,7,July
1984-08-01,104.4,,8.51,1984,8,August
1984-09-01,104.7,,8.55,1984,9,September
1984-10-01,105.1,,8.55,1984,10,October
1984-11-01,105.3,,8.57,1984,11,November
1984-12-01,105.5,,8.61,1984,12,December
1985-01-01,105.7,,8.61,1985,1,January
1985-02-01,106.3,,8.64,1985,2,February
1985-03-01,106.8,,8.66,1985,3,March
1985-04-01,107.0,,8.69,1985,4,April
1985-05-01,107.2,,8.7,1985,5,May
1985-06-01,107.5,,8.74,1985,6,June
1985-07-01,107.7,,8.74,1985,7,July
1985-08-01,107.9,,8.76,1985,8,August
1985-09-01,108.1,,8.8,1985,9,September
1985-10-01,108.5,,8.79,1985,10,October
1985-11-01,109.0,,8.81,1985,11,November
1985-12-01,109.5,,8.87,1985,12,December
1986-01-01,109.9,,8.85,1986,1,January
1986-02-01,109.7,,8.88,1986,2,February
1986-03-01,109.1,,8.89,1986,3,March
1986-04-01,108.7,,8.88,1986,4,April
1986-05-01,109.0,,8.9,1986,5,May
1986-06-01,109.4,,8.92,1986,6,June
1986-07-01,109.5,,8.91,1986,7,July
1986-08-01,109.6,,8.94,1986,8,August
1986-09-01,110.0,,8.94,1986,9,September
1986-10-01,110.2,,8.96,1986,10,October
1986-11-01,110.4,,9.01,1986,11,November
1986-12-01,110.8,,9.01,1986,12,December
1987-01-01,111.4,,9.02,1987,1,January
1987-02-01,111.8,,9.05,1987,2,February
1987-03-01,112.2,,9.07,1987,3,March
1987-04-01,112.7,,9.08,1987,4,April
1987-05-01,113.0,,9.11,1987,5,May
1987-06-01,113.5,,9.11,1987,6,June
1987-07-01,113.8,,9.12,1987,7,July
1987-08-01,114.3,,9.18,1987,8,August
1987-09-01,114.7,,9.19,1987,9,September
1987-10-01,115.0,,9.22,1987,10,October
1987-11-01,115.4,,9.27,1987,11,November
1987-12-01,115.6,,9.28,1987,12,December
1988-01-01,116.0,,9.29,1988,1,January
1988-02-01,116.2,,9.29,1988,2,February
1988-03-01,116.5,,9.31,1988,3,March
1988-04-01,117.2,,9.36,1988,4,April
1988-05-01,117.5,,9.41,1988,5,May
1988-06-01,118.0,,9.41,1988,6,June
1988-07-01,118.5,,9.45,1988,7,July
1988-08-01,119.0,,9.46,1988,8,August
1988-09-01,119.5,,9.51,1988,9,September
1988-10-01,119.9,,9.56,1988,10,October
1988-11-01,120.3,,9.58,1988,11,November
1988-12-01,120.7,,9.6,1988,12,December
1989-01-01,121.2,,9.65,1989,1,January
1989-02-01,121.6,,9.68,1989,2,February
1989-03-01,122.2,,9.7,1989,3,March
1989-04-01,123.1,,9.75,1989,4,April
1989-05-01,123.7,,9.74,1989,5,May
1989-06-01,124.1,,9.77,1989,6,June
1989-07-01,124.5,,9.83,1989,7,July
1989-08-01,124.5,,9.83,1989,8,August
1989-09-01,124.8,,9.87,1989,9,September
1989-10-01,125.4,,9.92,1989,10,October
1989-11-01,125.9,,9.93,1989,11,November
1989-12-01,126.3,,9.98,1989,12,December
1990-01-01,127.5,,10.02,1990,1,January
1990-02-01,128.0,,10.07,1990,2,February
1990-03-01,128.6,,10.11,1990,3,March
1990-04-01,128.9,,10.12,1990,4,April
1990-05-01,129.1,,10.16,1990,5,May
1990-06-01,129.9,,10.2,1990,6,June
1990-07-01,130.5,,10.22,1990,7,July
1990-08-01,131.6,1.218,10.24,1990,8,August
1990-09-01,132.5,1.258,10.27,1990,9,September
1990-10-01,133.4,1.3354,10.3,1990,10,October
1990-11-01,133.7,1.324,10.32,1990,11,November
1990-12-01,134.2,1.341,10.34,1990,12,December
1991-01-01,134.7,1.18,10.37,1991,1,January
1991-02-01,134.8,1.0942500000000002,10.39,1991,2,February
1991-03-01,134.8,1.04,10.41,1991,3,March
1991-04-01,135.1,1.0762,10.46,1991,4,April
1991-05-01,135.6,1.12575,10.5,1991,5,May
1991-06-01,136.0,1.12825,10.51,1991,6,June
1991-07-01,136.2,1.0956,10.54,1991,7,July
1991-08-01,136.6,1.1147500000000001,10.56,1991,8,August
1991-09-01,137.0,1.1092,10.58,1991,9,September
1991-10-01,137.2,1.088,10.59,1991,10,October
1991-11-01,137.8,1.099,10.61,1991,11,November
1991-12-01,138.2,1.0762,10.64,1991,12,December
1992-01-01,138.3,1.022,10.64,1992,1,January
1992-02-01,138.6,1.006,10.66,1992,2,February
1992-03-01,139.1,1.0126,10.68,1992,3,March
1992-04-01,139.4,1.05175,10.72,1992,4,April
1992-05-01,139.7,1.10725,10.74,1992,5,May
1992-06-01,140.1,1.1448,10.77,1992,6,June
1992-07-01,140.5,1.1364999999999998,10.78,1992,7,July
1992-08-01,140.8,1.1218,10.81,1992,8,August
1992-09-01,141.1,1.1215000000000002,10.83,1992,9,September
1992-10-01,141.7,1.1139999999999999,10.85,1992,10,October
1992-11-01,142.1,1.1112000000000002,10.86,1992,11,November
1992-12-01,142.3,1.0775000000000001,10.9,1992,12,December
1993-01-01,142.8,1.06175,10.93,1993,1,January
1993-02-01,143.1,1.05425,10.95,1993,2,February
1993-03-01,143.3,1.0522,10.99,1993,3,March
1993-04-01,143.8,1.078,10.99,1993,4,April
1993-05-01,144.2,1.1004,11.01,1993,5,May
1993-06-01,144.3,1.09725,11.03,1993,6,June
1993-07-01,144.5,1.07775,11.05,1993,7,July
1993-08-01,144.8,1.0615999999999999,11.07,1993,8,August
1993-09-01,145.0,1.0494999999999999,11.09,1993,9,September
1993-10-01,145.6,1.09175,11.13,1993,10,October
1993-11-01,146.0,1.0664,11.15,1993,11,November
1993-12-01,146.3,1.014,11.18,1993,12,December
1994-01-01,146.3,0.9984,11.2,1994,1,January
1994-02-01,146.7,1.009,11.25,1994,2,February
1994-03-01,147.1,1.00775,11.25,1994,3,March
1994-04-01,147.2,1.02725,11.27,1994,4,April
1994-05-01,147.5,1.0474,11.29,1994,5,May
1994-06-01,147.9,1.0779999999999998,11.31,1994,6,June
1994-07-01,148.4,1.10575,11.34,1994,7,July
1994-08-01,149.0,1.1548,11.36,1994,8,August
1994-09-01,149.3,1.1437499999999998,11.39,1994,9,September
1994-10-01,149.4,1.1136000000000001,11.42,1994,10,October
1994-11-01,149.8,1.11575,11.45,1994,11,November
1994-12-01,150.1,1.0905,11.48,1994,12,December
1995-01-01,150.5,1.0817999999999999,11.48,1995,1,January
1995-02-01,150.9,1.0725,11.53,1995,2,February
1995-03-01,151.2,1.072,11.55,1995,3,March
1995-04-01,151.8,1.11125,11.56,1995,4,April
1995-05-01,152.1,1.1784000000000001,11.59,1995,5,May
1995-06-01,152.4,1.1915,11.63,1995,6,June
1995-07-01,152.6,1.1538,11.67,1995,7,July
1995-08-01,152.9,1.12325,11.69,1995,8,August
1995-09-01,153.1,1.11075,11.73,1995,9,September
1995-10-01,153.5,1.0872,11.75,1995,10,October
1995-11-01,153.7,1.06225,11.78,1995,11,November
1995-12-01,153.9,1.07125,11.81,1995,12,December
1996-01-01,154.7,1.0904,11.86,1996,1,January
1996-02-01,155.0,1.08925,11.87,1996,2,February
1996-03-01,155.5,1.137,11.89,1996,3,March
1996-04-01,156.1,1.2306,11.96,1996,4,April
1996-05-01,156.4,1.278,11.98,1996,5,May
1996-06-01,156.7,1.2585,12.03,1996,6,June
1996-07-01,157.0,1.2276,12.05,1996,7,July
1996-08-01,157.2,1.206,12.09,1996,8,August
1996-09-01,157.7,1.2024000000000001,12.13,1996,9,September
1996-10-01,158.2,1.204,12.16,1996,10,October
1996-11-01,158.7,1.23225,12.2,1996,11,November
1996-12-01,159.1,1.2352,12.24,1996,12,December
1997-01-01,159.4,1.23625,12.29,1997,1,January
1997-02-01,159.7,1.23,12.31,1997,2,February
1997-03-01,159.8,1.205,12.35,1997,3,March
1997-04-01,159.9,1.199,12.39,1997,4,April
1997-05-01,159.9,1.20025,12.43,1997,5,May
1997-06-01,160.2,1.1976,12.46,1997,6,June
1997-07-01,160.4,1.17425,12.5,1997,7,July
1997-08-01,160.8,1.2235,12.57,1997,8,August
1997-09-01,161.2,1.2314,12.6,1997,9,September
1997-10-01,161.5,1.19675,12.66,1997,10,October
1997-11-01,161.7,1.17075,12.71,1997,11,November
1997-12-01,161.8,1.1314,12.75,1997,12,December
1998-01-01,162.0,1.0862500000000002,12.79,1998,1,January
1998-02-01,162.0,1.049,12.83,1998,2,February
1998-03-01,162.0,1.0168,12.87,1998,3,March
1998-04-01,162.2,1.03025,12.92,1998,4,April
1998-05-01,162.6,1.0635,12.96,1998,5,May
1998-06-01,162.8,1.0644,12.99,1998,6,June
1998-07-01,163.2,1.05525,13.0,1998,7,July
1998-08-01,163.4,1.026,13.07,1998,8,August
1998-09-01,163.5,1.00925,13.11,1998,9,September
1998-10-01,163.9,1.0187499999999998,13.14,1998,10,October
1998-11-01,164.1,0.9954000000000001,13.17,1998,11,November
1998-12-01,164.4,0.945,13.21,1998,12,December
1999-01-01,164.7,0.9390000000000001,13.27,1999,1,January
1999-02-01,164.7,0.9205000000000001,13.3,1999,2,February
1999-03-01,164.8,0.982,13.34,1999,3,March
1999-04-01,165.9,1.131,13.38,1999,4,April
1999-05-01,166.0,1.1305999999999998,13.42,1999,5,May
1999-06-01,166.0,1.1142500000000002,13.47,1999,6,June
1999-07-01,166.7,1.1575,13.51,1999,7,July
1999-08-01,167.1,1.2208,13.53,1999,8,August
1999-09-01,167.8,1.2555,13.61,1999,9,September
1999-10-01,168.1,1.24425,13.64,1999,10,October
1999-11-01,168.4,1.2513999999999998,13.66,1999,11,November
1999-12-01,168.8,1.2725,13.7,1999,12,December
2000-01-01,169.3,1.2888,13.74,2000,1,January
2000-02-01,170.0,1.377,13.8,2000,2,February
2000-03-01,171.0,1.5162499999999999,13.85,2000,3,March
2000-04-01,170.9,1.46475,13.89,2000,4,April
2000-05-01,171.2,1.4868000000000001,13.93,2000,5,May
2000-06-01,172.2,1.6332499999999999,13.98,2000,6,June
2000-07-01,172.7,1.551,14.02,2000,7,July
2000-08-01,172.7,1.4645000000000001,14.07,2000,8,August
2000-09-01,173.6,1.5502500000000001,14.13,2000,9,September
2000-10-01,173.9,1.5322,14.17,2000,10,October
2000-11-01,174.2,1.51725,14.23,2000,11,November
2000-12-01,174.6,1.44275,14.29,2000,12,December
2001-01-01,175.6,1.4472,14.29,2001,1,January
2001-02-01,176.0,1.44975,14.36,2001,2,February
2001-03-01,176.1,1.40925,14.42,2001,3,March
2001-04-01,176.4,1.5516,14.44,2001,4,April
2001-05-01,177.3,1.70175,14.5,2001,5,May
2001-06-01,177.7,1.61625,14.54,2001,6,June
2001-07-01,177.4,1.4205999999999999,14.55,2001,7,July
2001-08-01,177.4,1.42075,14.6,2001,8,August
2001-09-01,178.1,1.5215,14.62,2001,9,September
2001-10-01,177.6,1.3154,14.66,2001,10,October
2001-11-01,177.5,1.1705,14.72,2001,11,November
2001-12-01,177.4,1.0859999999999999,14.74,2001,12,December
2002-01-01,177.7,1.10725,14.76,2002,1,January
2002-02-01,178.0,1.11375,14.78,2002,2,February
2002-03-01,178.5,1.24925,14.82,2002,3,March
2002-04-01,179.3,1.3969999999999998,14.84,2002,4,April
2002-05-01,179.5,1.39175,14.88,2002,5,May
2002-06-01,179.6,1.38225,14.93,2002,6,June
2002-07-01,180.0,1.3969999999999998,14.97,2002,7,July
2002-08-01,180.5,1.39575,15.02,2002,8,August
2002-09-01,180.8,1.3996,15.05,2002,9,September
2002-10-01,181.2,1.44525,15.12,2002,10,October
2002-11-01,181.5,1.419,15.15,2002,11,November
2002-12-01,181.8,1.3858000000000001,15.2,2002,12,December
2003-01-01,182.6,1.4575,15.21,2003,1,January
2003-02-01,183.6,1.613,15.28,2003,2,February
2003-03-01,183.9,1.693,15.27,2003,3,March
2003-04-01,183.2,1.589,15.28,2003,4,April
2003-05-01,182.9,1.49725,15.33,2003,5,May
2003-06-01,183.1,1.4928000000000001,15.36,2003,6,June
2003-07-01,183.7,1.5125,15.4,2003,7,July
2003-08-01,184.5,1.62025,15.42,2003,8,August
2003-09-01,185.1,1.6788,15.42,2003,9,September
2003-10-01,184.9,1.5635,15.42,2003,10,October
2003-11-01,185.0,1.512,15.46,2003,11,November
2003-12-01,185.5,1.4788000000000001,15.47,2003,12,December
2004-01-01,186.3,1.57175,15.51,2004,1,January
2004-02-01,186.7,1.6475,15.53,2004,2,February
2004-03-01,187.1,1.736,15.56,2004,3,March
2004-04-01,187.4,1.79775,15.59,2004,4,April
2004-05-01,188.2,1.9834,15.63,2004,5,May
2004-06-01,188.9,1.96925,15.67,2004,6,June
2004-07-01,189.1,1.91125,15.69,2004,7,July
2004-08-01,189.2,1.8780000000000001,15.73,2004,8,August
2004-09-01,189.8,1.86975,15.78,2004,9,September
2004-10-01,190.8,1.9995,15.81,2004,10,October
2004-11-01,191.7,1.9794,15.84,2004,11,November
2004-12-01,191.7,1.841,15.86,2004,12,December
2005-01-01,191.6,1.8308,15.9,2005,1,January
2005-02-01,192.4,1.91,15.93,2005,2,February
2005-03-01,193.1,2.07925,15.97,2005,3,March
2005-04-01,193.7,2.2425,16.01,2005,4,April
2005-05-01,193.6,2.1612,16.04,2005,5,May
2005-06-01,193.7,2.1555,16.08,2005,6,June
2005-07-01,194.9,2.29,16.15,2005,7,July
2005-08-01,196.1,2.4861999999999997,16.17,2005,8,August
2005-09-01,198.8,2.90325,16.19,2005,9,September
2005-10-01,199.1,2.7168,16.28,2005,10,October
2005-11-01,198.1,2.25675,16.3,2005,11,November
2005-12-01,198.1,2.185,16.36,2005,12,December
2006-01-01,199.3,2.3156,16.42,2006,1,January
2006-02-01,199.4,2.2800000000000002,16.48,2006,2,February
2006-03-01,199.7,2.42475,16.54,2006,3,March
2006-04-01,200.7,2.742,16.63,2006,4,April
2006-05-01,201.3,2.9067999999999996,16.65,2006,5,May
2006-06-01,201.8,2.8845,16.72,2006,6,June
2006-07-01,202.9,2.9806,16.78,2006,7,July
2006-08-01,203.8,2.95175,16.82,2006,8,August
2006-09-01,202.8,2.5549999999999997,16.87,2006,9,September
2006-10-01,201.9,2.2446,16.93,2006,10,October
2006-11-01,202.0,2.22925,16.98,2006,11,November
2006-12-01,203.1,2.3127500000000003,17.05,2006,12,December
2007-01-01,203.437,2.2398,17.09,2007,1,January
2007-02-01,204.226,2.27775,17.16,2007,2,February
2007-03-01,205.288,2.56275,17.22,2007,3,March
2007-04-01,205.904,2.8449999999999998,17.27,2007,4,April
2007-05-01,206.755,3.146,17.34,2007,5,May
2007-06-01,207.234,3.056,17.41,2007,6,June
2007-07-01,207.603,2.9646,17.46,2007,7,July
2007-08-01,207.667,2.78575,17.5,2007,8,August
2007-09-01,208.547,2.80325,17.55,2007,9,September
2007-10-01,209.19,2.803,17.58,2007,10,October
2007-11-01,210.834,3.08,17.63,2007,11,November
2007-12-01,211.445,3.0184,17.68,2007,12,December
2008-01-01,212.174,3.04275,17.74,2008,1,January
2008-02-01,212.687,3.0275,17.8,2008,2,February
2008-03-01,213.448,3.2439999999999998,17.87,2008,3,March
2008-04-01,213.942,3.458,17.92,2008,4,April
2008-05-01,215.208,3.7657499999999997,17.98,2008,5,May
2008-06-01,217.463,4.0542,18.04,2008,6,June
2008-07-01,219.016,4.0615000000000006,18.1,2008,7,July
2008-08-01,218.69,3.7785,18.18,2008,8,August
2008-09-01,218.877,3.7026000000000003,18.2,2008,9,September
2008-10-01,216.995,3.05125,18.25,2008,10,October
2008-11-01,213.153,2.1470000000000002,18.31,2008,11,November
2008-12-01,211.398,1.687,18.39,2008,12,December
2009-01-01,211.933,1.7882500000000001,18.39,2009,1,January
2009-02-01,212.705,1.92275,18.44,2009,2,February
2009-03-01,212.495,1.9586,18.49,2009,3,March
2009-04-01,212.709,2.049,18.52,2009,4,April
2009-05-01,213.022,2.2655000000000003,18.53,2009,5,May
2009-06-01,214.79,2.6306000000000003,18.56,2009,6,June
2009-07-01,214.726,2.5265,18.59,2009,7,July
2009-08-01,215.445,2.6164,18.67,2009,8,August
2009-09-01,215.861,2.5540000000000003,18.7,2009,9,September
2009-10-01,216.509,2.55125,18.74,2009,10,October
2009-11-01,217.234,2.6513999999999998,18.8,2009,11,November
2009-12-01,217.347,2.60725,18.84,2009,12,December
2010-01-01,217.488,2.715,18.88,2010,1,January
2010-02-01,217.281,2.644,18.91,2010,2,February
2010-03-01,217.353,2.7716000000000003,18.92,2010,3,March
2010-04-01,217.403,2.84825,18.96,2010,4,April
2010-05-01,217.29,2.8362000000000003,19.01,2010,5,May
2010-06-01,217.199,2.7315,19.03,2010,6,June
2010-07-01,217.605,2.72875,19.04,2010,7,July
2010-08-01,217.923,2.7298,19.11,2010,8,August
2010-09-01,218.275,2.705,19.11,2010,9,September
2010-10-01,219.035,2.8005,19.21,2010,10,October
2010-11-01,219.59,2.859,19.21,2010,11,November
2010-12-01,220.472,2.9930000000000003,19.23,2010,12,December
2011-01-01,221.187,3.0948,19.33,2011,1,January
2011-02-01,221.898,3.2110000000000003,19.31,2011,2,February
2011-03-01,223.046,3.5612500000000002,19.3,2011,3,March
2011-04-01,224.093,3.7995,19.36,2011,4,April
2011-05-01,224.806,3.9061999999999997,19.41,2011,5,May
2011-06-01,224.806,3.68,19.41,2011,6,June
2011-07-01,225.395,3.6502499999999998,19.48,2011,7,July
2011-08-01,226.106,3.6393999999999997,19.47,2011,8,August
2011-09-01,226.597,3.61125,19.49,2011,9,September
2011-10-01,226.75,3.4479999999999995,19.56,2011,10,October
2011-11-01,227.169,3.38375,19.56,2011,11,November
2011-12-01,227.223,3.26575,19.57,2011,12,December
2012-01-01,227.842,3.38,19.59,2012,1,January
2012-02-01,228.329,3.57925,19.58,2012,2,February
2012-03-01,228.807,3.85175,19.64,2012,3,March
2012-04-01,229.187,3.9004,19.68,2012,4,April
2012-05-01,228.713,3.73225,19.68,2012,5,May
2012-06-01,228.524,3.53875,19.71,2012,6,June
2012-07-01,228.59,3.4392000000000005,19.75,2012,7,July
2012-08-01,229.918,3.7215,19.74,2012,8,August
2012-09-01,231.015,3.8485,19.79,2012,9,September
2012-10-01,231.638,3.7456000000000005,19.79,2012,10,October
2012-11-01,231.249,3.4517499999999997,19.84,2012,11,November
2012-12-01,231.221,3.3104,19.9,2012,12,December
2013-01-01,231.679,3.3185000000000002,19.93,2013,1,January
2013-02-01,232.937,3.67,19.99,2013,2,February
2013-03-01,232.282,3.71125,20.01,2013,3,March
2013-04-01,231.797,3.5702,20.04,2013,4,April
2013-05-01,231.893,3.61475,20.05,2013,5,May
2013-06-01,232.445,3.626,20.13,2013,6,June
2013-07-01,232.9,3.5909999999999997,20.14,2013,7,July
2013-08-01,233.456,3.57375,20.17,2013,8,August
2013-09-01,233.544,3.5324,20.23,2013,9,September
2013-10-01,233.669,3.34375,20.25,2013,10,October
2013-11-01,234.1,3.24275,20.31,2013,11,November
2013-12-01,234.719,3.2763999999999998,20.34,2013,12,December
2014-01-01,235.288,3.3125,20.39,2014,1,January
2014-02-01,235.547,3.35625,20.51,2014,2,February
2014-03-01,236.028,3.5332,20.5,2014,3,March
2014-04-01,236.468,3.66075,20.51,2014,4,April
2014-05-01,236.918,3.67275,20.53,2014,5,May
2014-06-01,237.231,3.6915999999999998,20.6,2014,6,June
2014-07-01,237.498,3.61125,20.61,2014,7,July
2014-08-01,237.46,3.4865,20.66,2014,8,August
2014-09-01,237.477,3.4061999999999997,20.66,2014,9,September
2014-10-01,237.43,3.1705,20.7,2014,10,October
2014-11-01,236.983,2.9122500000000002,20.77,2014,11,November
2014-12-01,236.252,2.5425999999999997,20.71,2014,12,December
2015-01-01,234.747,2.11575,20.8,2015,1,January
2015-02-01,235.342,2.21625,20.84,2015,2,February
2015-03-01,235.976,2.4636,20.91,2015,3,March
2015-04-01,236.222,2.469,20.92,2015,4,April
2015-05-01,237.001,2.7182500000000003,20.98,2015,5,May
2015-06-01,237.657,2.8015999999999996,21.0,2015,6,June
2015-07-01,238.034,2.7935,21.03,2015,7,July
2015-08-01,238.033,2.6362,21.11,2015,8,August
2015-09-01,237.498,2.36525,21.09,2015,9,September
2015-10-01,237.733,2.29,21.19,2015,10,October
2015-11-01,238.017,2.158,21.21,2015,11,November
2015-12-01,237.761,2.0374999999999996,21.23,2015,12,December
2016-01-01,237.652,1.9485000000000001,21.31,2016,1,January
2016-02-01,237.336,1.7635999999999998,21.33,2016,2,February
2016-03-01,238.08,1.96875,21.39,2016,3,March
2016-04-01,238.992,2.11275,21.46,2016,4,April
2016-05-01,239.557,2.2682,21.48,2016,5,May
2016-06-01,240.222,2.3655,21.52,2016,6,June
2016-07-01,240.101,2.239,21.58,2016,7,July
2016-08-01,240.545,2.1776,21.6,2016,8,August
2016-09-01,241.176,2.2185,21.62,2016,9,September
2016-10-01,241.741,2.2494,21.71,2016,10,October
2016-11-01,242.026,2.1814999999999998,21.71,2016,11,November
2016-12-01,242.637,2.25425,21.76,2016,12,December
2017-01-01,243.618,2.3489999999999998,21.82,2017,1,January
2017-02-01,244.006,2.3040000000000003,21.85,2017,2,February
2017-03-01,243.892,2.325,21.88,2017,3,March
2017-04-01,244.193,2.41725,21.94,2017,4,April
2017-05-01,244.004,2.3914,21.97,2017,5,May
2017-06-01,244.163,2.3465,22.02,2017,6,June
2017-07-01,244.243,2.2998,22.07,2017,7,July
2017-08-01,245.183,2.38025,22.1,2017,8,August
2017-09-01,246.435,2.64525,22.18,2017,9,September
2017-10-01,246.626,2.505,22.18,2017,10,October
2017-11-01,247.284,2.5635,22.22,2017,11,November
2017-12-01,247.805,2.47675,22.29,2017,12,December
2018-01-01,248.859,2.5545999999999998,22.36,2018,1,January
2018-02-01,249.529,2.58725,22.41,2018,2,February
2018-03-01,249.577,2.59125,22.49,2018,3,March
2018-04-01,250.227,2.757,22.55,2018,4,April
2018-05-01,250.792,2.9007500000000004,22.6,2018,5,May
2018-06-01,251.018,2.89075,22.66,2018,6,June
2018-07-01,251.214,2.8486000000000002,22.7,2018,7,July
2018-08-01,251.663,2.83575,22.78,2018,8,August
2018-09-01,252.182,2.8355,22.86,2018,9,September
2018-10-01,252.772,2.8600000000000003,22.89,2018,10,October
2018-11-01,252.594,2.64725,23.0,2018,11,November
2018-12-01,252.767,2.3655999999999997,23.11,2018,12,December
2019-01-01,252.561,2.24775,23.13,2019,1,January
2019-02-01,253.319,2.30925,23.19,2019,2,February
2019-03-01,254.277,2.516,23.29,2019,3,March
2019-04-01,255.233,2.7984,23.33,2019,4,April
2019-05-01,255.296,2.85925,23.4,2019,5,May
2019-06-01,255.213,2.71575,23.48,2019,6,June
2019-07-01,255.802,2.7399999999999998,23.53,2019,7,July
2019-08-01,256.036,2.621,23.61,2019,8,August
2019-09-01,256.43,2.5922,23.68,2019,9,September
2019-10-01,257.155,2.627,23.75,2019,10,October
2019-11-01,257.879,2.59775,23.83,2019,11,November
2019-12-01,258.63,2.555,23.85,2019,12,December
2020-01-01,259.127,2.5477499999999997,23.91,2020,1,January
2020-02-01,259.25,2.442,24.03,2020,2,February
2020-03-01,258.076,2.2342,24.12,2020,3,March
2020-04-01,256.032,1.8405,25.14,2020,4,April
2020-05-01,255.802,1.8695,24.98,2020,5,May
2020-06-01,257.042,2.0822,24.78,2020,6,June
2020-07-01,258.352,2.18325,24.69,2020,7,July
2020-08-01,259.316,2.1824,24.8,2020,8,August
2020-09-01,259.997,2.18275,24.82,2020,9,September
2020-10-01,260.319,2.158,24.84,2020,10,October
2020-11-01,260.911,2.1082,24.94,2020,11,November
2020-12-01,262.045,2.19525,25.16,2020,12,December
2021-01-01,262.687,2.33425,25.16,2021,1,January
2021-02-01,263.579,2.501,25.25,2021,2,February
2021-03-01,264.961,2.8104,25.33,2021,3,March
2021-04-01,266.614,2.85825,25.52,2021,4,April
2021-05-01,268.383,2.9852,25.68,2021,5,May
2021-06-01,270.654,3.06375,25.82,2021,6,June
2021-07-01,271.903,3.136,25.97,2021,7,July
2021-08-01,272.676,3.1578,26.12,2021,8,August
2021-09-01,273.91,3.175,26.3,2021,9,September
2021-10-01,276.55,3.2904999999999998,26.45,2021,10,October
2021-11-01,278.919,3.3948,26.56,2021,11,November
2021-12-01,280.845,3.3064999999999998,26.76,2021,12,December
2022-01-01,282.543,3.3146,26.91,2022,1,January
2022-02-01,284.5,3.5172499999999998,26.97,2022,2,February
2022-03-01,287.674,4.22175,27.1,2022,3,March
2022-04-01,288.561,4.1085,27.28,2022,4,April
2022-05-01,291.298,4.4436,27.4,2022,5,May
2022-06-01,294.957,4.929,27.52,2022,6,June
2022-07-01,294.913,4.5592500000000005,27.66,2022,7,July
2022-08-01,295.097,3.975,27.75,2022,8,August
2022-09-01,296.349,3.70025,27.87,2022,9,September
2022-10-01,298.007,3.8152,27.99,2022,10,October
2022-11-01,298.786,3.685,28.11,2022,11,November
2022-12-01,298.832,3.21,28.22,2022,12,December
2023-01-01,300.42,3.3391999999999995,28.31,2023,1,January
2023-02-01,301.45,3.38875,28.42,2023,2,February
2023-03-01,301.821,3.4219999999999997,28.56,2023,3,March
2023-04-01,302.845,3.6029999999999998,28.7,2023,4,April
2023-05-01,303.334,3.5548,28.78,2023,5,May
2023-06-01,304.014,3.571,28.89,2023,6,June
2023-07-01,304.609,3.597,29.01,2023,7,July
2023-08-01,306.082,3.83975,29.06,2023,8,August
2023-09-01,307.276,3.8360000000000003,29.18,2023,9,September
2023-10-01,307.696,3.6128,29.26,2023,10,October
2023-11-01,308.148,3.318,29.37,2023,11,November
2023-12-01,308.741,3.134,29.47,2023,12,December
2024-01-01,309.698,3.0753999999999997,29.61,2024,1,January
2024-02-01,310.967,3.2115,29.66,2024,2,February
2024-03-01,312.345,3.4255,29.78,2024,3,March
2024-04-01,313.023,3.6114000000000006,29.85,2024,4,April
2024-05-01,313.175,3.6029999999999998,29.97,2024,5,May
2024-06-01,313.044,3.4545,30.07,2024,6,June
2024-07-01,313.569,3.4838,30.16,2024,7,July
2024-08-01,314.062,3.38925,30.27,2024,8,August
2024-09-01,314.732,3.2138,30.39,2024,9,September
2024-10-01,315.631,3.137,30.48,2024,10,October
2024-11-01,316.528,3.05275,30.56,2024,11,November
2024-12-01,317.604,3.0176,30.66,2024,12,December
2025-01-01,318.961,3.0755,30.79,2025,1,January
2025-02-01,319.679,3.12075,30.89,2025,2,February
2025-03-01,319.785,3.0964,31.02,2025,3,March
2025-04-01,320.302,3.17125,31.09,2025,4,April
2025-05-01,320.62,3.15,31.2,2025,5,May
2025-06-01,321.435,3.1502,31.31,2025,6,June
2025-07-01,322.169,3.12475,31.39,2025,7,July
2025-08-01,323.291,3.1325,31.49,2025,8,August
2025-09-01,324.245,3.1656,31.56,2025,9,September
2025-10-01,,3.05975,31.7,2025,10,October
2025-11-01,325.063,3.0495,31.79,2025,11,November
2025-12-01,326.031,2.8944,31.83,2025,12,December
2026-01-01,326.588,2.8085,31.94,2026,1,January
2026-02-01,327.46,2.9074999999999998,32.02,2026,2,February
2026-03-01,330.293,3.6376,32.07,2026,3,March
